TeamID,GameID,GameDate,PointsFor,PointsAgainst,Assists,Rebounds,Steals,Blocks,FieldGoalPct,Win
BOS,22200001,2022-10-18,126,117,24,36,8,3,0.561,1
PHI,22200001,2022-10-18,117,126,16,31,8,3,0.5,0
GSW,22200002,2022-10-18,123,109,31,48,11,4,0.455,1
LAL,22200002,2022-10-18,109,123,23,48,12,4,0.426,0
DET,22200003,2022-10-19,113,109,31,41,11,4,0.426,1
ORL,22200003,2022-10-19,109,113,21,48,5,5,0.488,0
IND,22200004,2022-10-19,107,114,21,42,7,5,0.402,0
WAS,22200004,2022-10-19,114,107,21,53,5,10,0.457,1
ATL,22200005,2022-10-19,117,107,30,38,12,5,0.5,1
HOU,22200005,2022-10-19,107,117,25,54,4,3,0.429,0
BKN,22200006,2022-10-19,108,130,22,39,10,10,0.449,0
NOP,22200006,2022-10-19,130,108,31,61,9,4,0.49,1
MIA,22200007,2022-10-19,108,116,21,46,6,2,0.463,0
CHI,22200007,2022-10-19,116,108,23,46,12,6,0.441,1
TOR,22200008,2022-10-19,108,105,19,41,15,4,0.419,1
CLE,22200008,2022-10-19,105,108,25,38,5,5,0.494,0
MEM,22200009,2022-10-19,115,112,27,64,6,7,0.389,1
NYK,22200009,2022-10-19,112,115,28,54,7,5,0.404,0
MIN,22200010,2022-10-19,115,108,25,55,6,5,0.415,1
OKC,22200010,2022-10-19,108,115,22,57,6,6,0.384,0
SAS,22200011,2022-10-19,102,129,22,44,8,8,0.404,0
CHA,22200011,2022-10-19,129,102,26,51,7,10,0.511,1
UTA,22200012,2022-10-19,123,102,27,43,10,1,0.506,1
DEN,22200012,2022-10-19,102,123,21,35,10,3,0.482,0
PHX,22200013,2022-10-19,107,105,25,40,4,5,0.471,1
DAL,22200013,2022-10-19,105,107,17,40,6,4,0.467,0
SAC,22200014,2022-10-19,108,115,27,41,8,5,0.459,0
POR,22200014,2022-10-19,115,108,20,44,11,2,0.443,1
PHI,22200015,2022-10-20,88,90,17,44,6,5,0.434,0
MIL,22200015,2022-10-20,90,88,24,48,4,6,0.405,1
LAL,22200016,2022-10-20,97,103,23,38,13,5,0.351,0
LAC,22200016,2022-10-20,103,97,18,58,7,7,0.463,1
CHA,22200017,2022-10-21,112,124,30,37,9,4,0.454,0
NOP,22200017,2022-10-21,124,112,23,53,9,7,0.472,1
IND,22200018,2022-10-21,134,137,32,42,8,6,0.49,0
SAS,22200018,2022-10-21,137,134,34,37,9,4,0.543,1
WAS,22200019,2022-10-21,102,100,26,39,8,8,0.512,1
CHI,22200019,2022-10-21,100,102,19,38,8,3,0.418,0
ATL,22200020,2022-10-21,108,98,26,46,10,2,0.449,1
ORL,22200020,2022-10-21,98,108,16,44,9,7,0.412,0
BKN,22200021,2022-10-21,109,105,26,44,3,13,0.475,1
TOR,22200021,2022-10-21,105,109,25,41,9,4,0.488,0
MIA,22200022,2022-10-21,104,111,23,36,8,3,0.457,0
BOS,22200022,2022-10-21,111,104,17,43,4,11,0.519,1
NYK,22200023,2022-10-21,130,106,29,50,4,6,0.526,1
DET,22200023,2022-10-21,106,130,26,49,6,2,0.433,0
HOU,22200024,2022-10-21,122,129,18,45,4,6,0.473,0
MEM,22200024,2022-10-21,129,122,26,50,8,10,0.459,1
MIN,22200025,2022-10-21,126,132,20,60,5,7,0.458,0
UTA,22200025,2022-10-21,132,126,39,54,11,8,0.441,1
GSW,22200026,2022-10-21,123,128,34,35,10,3,0.477,0
DEN,22200026,2022-10-21,128,123,30,41,10,2,0.535,1
POR,22200027,2022-10-21,113,111,14,48,8,5,0.439,1
PHX,22200027,2022-10-21,111,113,31,41,14,1,0.457,0
PHI,22200028,2022-10-22,105,114,26,40,6,5,0.44,0
SAS,22200028,2022-10-22,114,105,27,43,5,7,0.483,1
IND,22200029,2022-10-22,124,115,28,59,7,15,0.437,1
DET,22200029,2022-10-22,115,124,26,53,5,3,0.389,0
ORL,22200030,2022-10-22,120,126,21,48,5,7,0.474,0
BOS,22200030,2022-10-22,126,120,24,37,5,6,0.483,1
MIA,22200031,2022-10-22,112,109,28,44,2,2,0.5,1
TOR,22200031,2022-10-22,109,112,24,37,9,5,0.425,0
CHI,22200032,2022-10-22,96,128,19,35,12,7,0.405,0
CLE,22200032,2022-10-22,128,96,32,48,4,5,0.565,1
MIL,22200033,2022-10-22,125,105,29,47,6,10,0.565,1
HOU,22200033,2022-10-22,105,125,20,47,9,6,0.387,0
DAL,22200034,2022-10-22,137,96,23,52,7,7,0.5,1
MEM,22200034,2022-10-22,96,137,20,29,4,8,0.43,0
DEN,22200035,2022-10-22,122,117,33,46,5,6,0.494,1
OKC,22200035,2022-10-22,117,122,29,47,10,5,0.447,0
SAC,22200036,2022-10-22,109,111,24,39,5,5,0.471,0
LAC,22200036,2022-10-22,111,109,24,40,8,3,0.506,1
LAL,22200037,2022-10-23,104,106,26,40,9,9,0.446,0
POR,22200037,2022-10-23,106,104,19,52,6,5,0.44,1
ATL,22200038,2022-10-23,109,126,23,45,8,9,0.411,0
CHA,22200038,2022-10-23,126,109,28,52,7,6,0.522,1
CLE,22200039,2022-10-23,117,107,19,48,10,5,0.427,1
WAS,22200039,2022-10-23,107,117,25,35,9,4,0.494,0
NOP,22200040,2022-10-23,121,122,30,45,8,6,0.471,0
UTA,22200040,2022-10-23,122,121,29,44,13,6,0.439,1
OKC,22200041,2022-10-23,106,116,24,42,7,4,0.436,0
MIN,22200041,2022-10-23,116,106,24,54,9,3,0.523,1
GSW,22200042,2022-10-23,130,125,24,37,7,5,0.517,1
SAC,22200042,2022-10-23,125,130,31,51,10,2,0.47,0
LAC,22200043,2022-10-23,95,112,16,43,10,0,0.439,0
PHX,22200043,2022-10-23,112,95,29,49,5,3,0.462,1
PHI,22200044,2022-10-24,120,106,25,39,8,7,0.475,1
IND,22200044,2022-10-24,106,120,27,47,3,4,0.422,0
MIA,22200045,2022-10-24,90,98,19,46,5,3,0.349,0
TOR,22200045,2022-10-24,98,90,22,52,6,6,0.395,1
NYK,22200046,2022-10-24,115,102,24,50,7,3,0.462,1
ORL,22200046,2022-10-24,102,115,14,41,6,4,0.419,0
CHI,22200047,2022-10-24,120,102,29,60,4,6,0.483,1
BOS,22200047,2022-10-24,102,120,26,45,5,7,0.37,0
HOU,22200048,2022-10-24,114,108,17,47,7,7,0.422,1
UTA,22200048,2022-10-24,108,114,23,49,8,10,0.473,0
MEM,22200049,2022-10-24,134,124,21,38,7,3,0.5,1
BKN,22200049,2022-10-24,124,134,27,35,4,7,0.54,0
MIN,22200050,2022-10-24,106,115,24,50,7,5,0.442,0
SAS,22200050,2022-10-24,115,106,37,50,11,0,0.457,1
POR,22200051,2022-10-24,135,110,23,45,3,6,0.578,1
DEN,22200051,2022-10-24,110,135,28,38,4,1,0.495,0
WAS,22200052,2022-10-25,120,99,26,47,7,7,0.518,1
DET,22200052,2022-10-25,99,120,12,41,6,1,0.409,0
NOP,22200053,2022-10-25,113,111,25,26,7,3,0.579,1
DAL,22200053,2022-10-25,111,113,18,37,8,5,0.5,0
OKC,22200054,2022-10-25,108,94,19,60,12,8,0.382,1
LAC,22200054,2022-10-25,94,108,21,47,5,14,0.422,0
PHX,22200055,2022-10-25,134,105,31,48,8,4,0.511,1
GSW,22200055,2022-10-25,105,134,28,40,7,7,0.451,0
CLE,22200056,2022-10-26,103,92,25,43,6,3,0.414,1
ORL,22200056,2022-10-26,92,103,19,43,6,6,0.432,0
DET,22200057,2022-10-26,113,118,23,40,4,6,0.462,0
ATL,22200057,2022-10-26,118,113,22,46,6,12,0.495,1
NYK,22200058,2022-10-26,134,131,26,46,5,11,0.536,1
CHA,22200058,2022-10-26,131,134,31,42,9,5,0.495,0
TOR,22200059,2022-10-26,119,109,32,39,9,5,0.548,1
PHI,22200059,2022-10-26,109,119,29,34,6,2,0.506,0
MIL,22200060,2022-10-26,110,99,21,54,8,12,0.443,1
BKN,22200060,2022-10-26,99,110,23,37,7,6,0.395,0
CHI,22200061,2022-10-26,124,109,34,44,10,5,0.494,1
IND,22200061,2022-10-26,109,124,31,38,5,12,0.43,0
MIN,22200062,2022-10-26,134,122,37,30,9,6,0.65,1
SAS,22200062,2022-10-26,122,134,34,41,6,2,0.453,0
UTA,22200063,2022-10-26,109,101,28,53,11,5,0.422,1
HOU,22200063,2022-10-26,101,109,19,49,7,2,0.383,0
DEN,22200064,2022-10-26,110,99,34,54,12,5,0.457,1
LAL,22200064,2022-10-26,99,110,25,47,8,4,0.444,0
POR,22200065,2022-10-26,98,119,20,38,9,4,0.436,0
MIA,22200065,2022-10-26,119,98,34,46,13,2,0.506,1
BKN,22200066,2022-10-27,125,129,20,45,10,6,0.462,0
DAL,22200066,2022-10-27,129,125,25,37,8,4,0.506,1
OKC,22200067,2022-10-27,118,110,27,36,10,4,0.495,1
LAC,22200067,2022-10-27,110,118,21,44,6,5,0.537,0
GSW,22200068,2022-10-27,123,110,30,50,4,2,0.5,1
MIA,22200068,2022-10-27,110,123,25,31,16,5,0.443,0
SAC,22200069,2022-10-27,110,125,28,40,5,2,0.482,0
MEM,22200069,2022-10-27,125,110,27,43,5,3,0.533,1
DET,22200070,2022-10-28,112,136,18,42,2,4,0.43,0
ATL,22200070,2022-10-28,136,112,31,45,5,8,0.567,1
ORL,22200071,2022-10-28,113,93,28,48,8,5,0.494,1
CHA,22200071,2022-10-28,93,113,21,47,3,4,0.384,0
BOS,22200072,2022-10-28,123,132,28,34,9,2,0.512,0
CLE,22200072,2022-10-28,132,123,18,42,5,2,0.517,1
TOR,22200073,2022-10-28,90,112,20,45,9,5,0.384,0
PHI,22200073,2022-10-28,112,90,25,41,11,6,0.524,1
WAS,22200074,2022-10-28,117,127,25,38,5,3,0.477,0
IND,22200074,2022-10-28,127,117,30,41,4,7,0.506,1
MIL,22200075,2022-10-28,119,108,23,60,8,8,0.385,1
NYK,22200075,2022-10-28,108,119,19,54,6,5,0.398,0
MIN,22200076,2022-10-28,111,102,27,49,13,8,0.414,1
LAL,22200076,2022-10-28,102,111,20,55,8,5,0.416,0
SAS,22200077,2022-10-28,129,124,37,42,7,3,0.535,1
CHI,22200077,2022-10-28,124,129,20,42,13,3,0.475,0
DEN,22200078,2022-10-28,117,101,18,58,2,4,0.459,1
UTA,22200078,2022-10-28,101,117,24,38,7,8,0.418,0
PHX,22200079,2022-10-28,124,111,33,47,7,7,0.522,1
NOP,22200079,2022-10-28,111,124,25,33,10,1,0.442,0
POR,22200080,2022-10-28,125,111,30,45,9,6,0.533,1
HOU,22200080,2022-10-28,111,125,23,39,10,6,0.426,0
SAC,22200081,2022-10-29,119,113,27,43,1,6,0.553,1
MIA,22200081,2022-10-29,113,119,18,34,7,3,0.427,0
CHA,22200082,2022-10-29,120,113,32,55,2,2,0.422,1
GSW,22200082,2022-10-29,113,120,31,49,8,6,0.44,0
BKN,22200083,2022-10-29,116,125,29,34,6,9,0.5,0
IND,22200083,2022-10-29,125,116,31,53,7,1,0.426,1
CHI,22200084,2022-10-29,109,114,22,40,7,3,0.45,0
PHI,22200084,2022-10-29,114,109,28,41,8,6,0.494,1
MIL,22200085,2022-10-29,123,115,24,49,8,5,0.489,1
ATL,22200085,2022-10-29,115,123,19,42,5,2,0.479,0
DAL,22200086,2022-10-29,111,117,17,49,8,5,0.4,0
OKC,22200086,2022-10-29,117,111,25,47,9,6,0.494,1
UTA,22200087,2022-10-29,124,123,30,34,8,6,0.517,1
MEM,22200087,2022-10-29,123,124,24,40,11,5,0.568,0
LAC,22200088,2022-10-30,91,112,24,39,3,6,0.419,0
NOP,22200088,2022-10-30,112,91,32,50,9,1,0.495,1
BOS,22200089,2022-10-30,112,94,29,47,4,5,0.456,1
WAS,22200089,2022-10-30,94,112,22,51,5,6,0.388,0
CLE,22200090,2022-10-30,121,108,33,43,3,5,0.461,1
NYK,22200090,2022-10-30,108,121,26,45,9,2,0.489,0
DET,22200091,2022-10-30,128,114,24,47,4,3,0.482,1
GSW,22200091,2022-10-30,114,128,23,42,8,4,0.424,0
SAS,22200092,2022-10-30,107,98,27,52,6,7,0.419,1
MIN,22200092,2022-10-30,98,107,21,45,11,7,0.404,0
DAL,22200093,2022-10-30,114,105,15,37,10,1,0.494,1
ORL,22200093,2022-10-30,105,114,20,47,2,5,0.457,0
PHX,22200094,2022-10-30,124,109,29,36,9,8,0.536,1
HOU,22200094,2022-10-30,109,124,18,49,7,1,0.437,0
LAL,22200095,2022-10-30,121,110,24,51,5,5,0.479,1
DEN,22200095,2022-10-30,110,121,24,48,3,8,0.427,0
CHA,22200096,2022-10-31,108,115,31,38,11,6,0.512,0
SAC,22200096,2022-10-31,115,108,26,42,8,4,0.435,1
WAS,22200097,2022-10-31,111,118,22,41,8,4,0.469,0
PHI,22200097,2022-10-31,118,111,26,37,14,3,0.554,1
BKN,22200098,2022-10-31,116,109,26,39,11,9,0.537,1
IND,22200098,2022-10-31,109,116,23,38,11,5,0.471,0
TOR,22200099,2022-10-31,139,109,25,44,13,9,0.5,1
ATL,22200099,2022-10-31,109,139,28,37,1,4,0.464,0
MIL,22200100,2022-10-31,110,108,20,50,5,5,0.437,1
DET,22200100,2022-10-31,108,110,19,43,9,3,0.446,0
UTA,22200101,2022-10-31,121,105,26,48,10,6,0.472,1
MEM,22200101,2022-10-31,105,121,14,52,8,4,0.413,0
LAC,22200102,2022-10-31,95,93,23,46,7,10,0.425,1
HOU,22200102,2022-10-31,93,95,17,44,9,8,0.386,0
BKN,22200103,2022-11-01,99,108,27,38,4,7,0.486,0
CHI,22200103,2022-11-01,108,99,20,44,8,4,0.438,1
MIA,22200104,2022-11-01,116,109,32,39,7,3,0.455,1
GSW,22200104,2022-11-01,109,116,31,41,8,5,0.464,0
OKC,22200105,2022-11-01,116,108,28,36,13,9,0.474,1
ORL,22200105,2022-11-01,108,116,20,49,7,10,0.448,0
PHX,22200106,2022-11-01,116,107,31,34,9,8,0.461,1
MIN,22200106,2022-11-01,107,116,24,42,5,4,0.425,0
CLE,22200107,2022-11-02,114,113,24,51,6,4,0.42,1
BOS,22200107,2022-11-02,113,114,26,52,5,9,0.409,0
PHI,22200108,2022-11-02,111,121,25,32,3,1,0.464,0
WAS,22200108,2022-11-02,121,111,27,43,4,9,0.577,1
MIA,22200109,2022-11-02,110,107,27,46,5,5,0.494,1
SAC,22200109,2022-11-02,107,110,29,39,4,3,0.477,0
NYK,22200110,2022-11-02,99,112,23,52,3,9,0.411,0
ATL,22200110,2022-11-02,112,99,28,51,11,4,0.411,1
CHI,22200111,2022-11-02,106,88,28,51,6,9,0.432,1
CHA,22200111,2022-11-02,88,106,22,47,12,12,0.391,0
HOU,22200112,2022-11-02,101,109,17,50,9,5,0.42,0
LAC,22200112,2022-11-02,109,101,20,43,10,6,0.488,1
MIL,22200113,2022-11-02,116,91,24,52,17,5,0.467,1
DET,22200113,2022-11-02,91,116,18,35,7,3,0.418,0
SAS,22200114,2022-11-02,100,143,29,46,3,6,0.394,0
TOR,22200114,2022-11-02,143,100,31,50,16,6,0.538,1
DAL,22200115,2022-11-02,103,100,20,37,9,4,0.5,1
UTA,22200115,2022-11-02,100,103,28,40,6,1,0.464,0
POR,22200116,2022-11-02,106,111,27,46,5,3,0.404,0
MEM,22200116,2022-11-02,111,106,28,46,7,5,0.458,1
LAL,22200117,2022-11-02,120,117,30,56,6,8,0.459,1
NOP,22200117,2022-11-02,117,120,35,51,10,5,0.461,0
ORL,22200118,2022-11-03,130,129,20,46,9,6,0.538,1
GSW,22200118,2022-11-03,129,130,31,35,5,3,0.515,0
OKC,22200119,2022-11-03,110,122,19,40,9,5,0.484,0
DEN,22200119,2022-11-03,122,110,32,47,5,2,0.536,1
DET,22200120,2022-11-04,88,112,16,34,10,6,0.373,0
CLE,22200120,2022-11-04,112,88,30,47,5,13,0.543,1
IND,22200121,2022-11-04,101,99,28,42,7,5,0.463,1
MIA,22200121,2022-11-04,99,101,17,42,10,2,0.383,0
PHI,22200122,2022-11-04,104,106,27,44,12,8,0.378,0
NYK,22200122,2022-11-04,106,104,24,50,5,8,0.463,1
WAS,22200123,2022-11-04,86,128,18,39,4,3,0.361,0
BKN,22200123,2022-11-04,128,86,32,48,8,7,0.556,1
BOS,22200124,2022-11-04,123,119,24,39,5,7,0.494,1
CHI,22200124,2022-11-04,119,123,21,37,8,5,0.518,0
MEM,22200125,2022-11-04,130,99,34,60,6,10,0.51,1
CHA,22200125,2022-11-04,99,130,22,41,11,7,0.384,0
SAS,22200126,2022-11-04,106,113,23,35,7,2,0.477,0
LAC,22200126,2022-11-04,113,106,26,44,6,5,0.525,1
DAL,22200127,2022-11-04,111,110,23,31,12,3,0.506,1
TOR,22200127,2022-11-04,110,111,20,44,10,4,0.443,0
NOP,22200128,2022-11-04,114,105,24,37,10,2,0.506,1
GSW,22200128,2022-11-04,105,114,23,29,7,1,0.493,0
MIN,22200129,2022-11-04,102,115,22,47,2,4,0.424,0
MIL,22200129,2022-11-04,115,102,29,51,7,2,0.482,1
PHX,22200130,2022-11-04,106,108,26,39,8,4,0.434,0
POR,22200130,2022-11-04,108,106,30,42,6,3,0.506,1
LAL,22200131,2022-11-04,116,130,22,40,6,6,0.482,0
UTA,22200131,2022-11-04,130,116,31,48,8,3,0.505,1
ORL,22200132,2022-11-05,123,126,27,48,8,4,0.543,0
SAC,22200132,2022-11-05,126,123,24,36,5,4,0.505,1
CHA,22200133,2022-11-05,94,98,22,50,3,6,0.372,0
BKN,22200133,2022-11-05,98,94,23,41,8,10,0.393,1
ATL,22200134,2022-11-05,124,121,28,50,12,8,0.456,1
NOP,22200134,2022-11-05,121,124,23,59,8,6,0.435,0
NYK,22200135,2022-11-05,118,133,22,44,6,4,0.511,0
BOS,22200135,2022-11-05,133,118,30,34,5,2,0.534,1
MIL,22200136,2022-11-05,108,94,23,55,7,6,0.422,1
OKC,22200136,2022-11-05,94,108,22,38,6,3,0.429,0
MIN,22200137,2022-11-05,129,117,38,36,11,5,0.613,1
HOU,22200137,2022-11-05,117,129,27,33,10,0,0.476,0
DEN,22200138,2022-11-05,126,101,37,47,10,0,0.609,1
SAS,22200138,2022-11-05,101,126,28,28,8,3,0.487,0
PHX,22200139,2022-11-05,102,82,22,44,7,14,0.427,1
POR,22200139,2022-11-05,82,102,22,40,5,7,0.38,0
LAL,22200140,2022-11-06,100,114,24,43,4,4,0.46,0
CLE,22200140,2022-11-06,114,100,19,48,7,6,0.44,1
TOR,22200141,2022-11-06,113,104,28,52,11,10,0.427,1
CHI,22200141,2022-11-06,104,113,27,46,5,10,0.455,0
MEM,22200142,2022-11-06,103,97,20,50,8,2,0.429,1
WAS,22200142,2022-11-06,97,103,25,49,5,5,0.427,0
LAC,22200143,2022-11-06,102,110,22,32,11,2,0.494,0
UTA,22200143,2022-11-06,110,102,18,42,5,4,0.467,1
CHA,22200144,2022-11-07,100,108,27,45,8,7,0.416,0
WAS,22200144,2022-11-07,108,100,21,47,2,6,0.525,1
ORL,22200145,2022-11-07,127,134,27,37,7,4,0.549,0
HOU,22200145,2022-11-07,134,127,31,40,9,6,0.529,1
DET,22200146,2022-11-07,112,103,20,58,6,9,0.419,1
OKC,22200146,2022-11-07,103,112,23,46,9,11,0.402,0
IND,22200147,2022-11-07,129,122,33,45,6,8,0.5,1
NOP,22200147,2022-11-07,122,129,32,43,7,4,0.495,0
PHI,22200148,2022-11-07,100,88,22,48,5,6,0.388,1
PHX,22200148,2022-11-07,88,100,19,37,8,5,0.438,0
ATL,22200149,2022-11-07,117,98,23,48,11,3,0.465,1
MIL,22200149,2022-11-07,98,117,21,41,5,9,0.414,0
MIA,22200150,2022-11-07,107,110,28,32,11,2,0.476,0
POR,22200150,2022-11-07,110,107,27,37,7,2,0.528,1
CHI,22200151,2022-11-07,111,97,30,49,7,7,0.525,1
TOR,22200151,2022-11-07,97,111,24,31,10,7,0.424,0
MEM,22200152,2022-11-07,106,109,27,45,4,4,0.451,0
BOS,22200152,2022-11-07,109,106,26,45,5,6,0.463,1
MIN,22200153,2022-11-07,107,120,28,39,7,8,0.469,0
NYK,22200153,2022-11-07,120,107,26,43,13,2,0.438,1
SAS,22200154,2022-11-07,109,115,31,38,14,5,0.524,0
DEN,22200154,2022-11-07,115,109,33,40,14,7,0.534,1
DAL,22200155,2022-11-07,96,94,18,41,7,3,0.444,1
BKN,22200155,2022-11-07,94,96,22,34,13,5,0.438,0
GSW,22200156,2022-11-07,116,113,28,48,5,4,0.5,1
SAC,22200156,2022-11-07,113,116,24,43,9,0,0.407,0
UTA,22200157,2022-11-07,139,116,30,41,10,7,0.558,1
LAL,22200157,2022-11-07,116,139,15,33,7,5,0.488,0
LAC,22200158,2022-11-07,119,117,19,31,8,2,0.506,1
CLE,22200158,2022-11-07,117,119,29,48,6,2,0.518,0
CHA,22200159,2022-11-09,95,105,21,42,10,3,0.374,0
POR,22200159,2022-11-09,105,95,28,45,5,4,0.533,1
IND,22200160,2022-11-09,119,122,28,44,9,5,0.469,0
DEN,22200160,2022-11-09,122,119,27,47,10,7,0.489,1
ORL,22200161,2022-11-09,94,87,20,49,1,6,0.493,1
DAL,22200161,2022-11-09,87,94,17,29,14,4,0.376,0
ATL,22200162,2022-11-09,119,125,24,54,5,5,0.468,0
UTA,22200162,2022-11-09,125,119,27,47,5,6,0.468,1
BOS,22200163,2022-11-09,128,112,31,43,5,4,0.534,1
DET,22200163,2022-11-09,112,128,15,48,7,3,0.416,0
BKN,22200164,2022-11-09,112,85,30,55,11,5,0.483,1
NYK,22200164,2022-11-09,85,112,21,46,5,4,0.322,0
TOR,22200165,2022-11-09,116,109,19,50,12,9,0.412,1
HOU,22200165,2022-11-09,109,116,29,49,9,7,0.44,0
CHI,22200166,2022-11-09,111,115,23,35,5,8,0.506,0
NOP,22200166,2022-11-09,115,111,20,50,8,5,0.5,1
MIN,22200167,2022-11-09,117,129,26,38,4,6,0.526,0
PHX,22200167,2022-11-09,129,117,31,36,10,3,0.485,1
OKC,22200168,2022-11-09,132,136,24,55,9,9,0.45,0
MIL,22200168,2022-11-09,136,132,27,55,8,7,0.472,1
SAS,22200169,2022-11-09,122,124,30,39,8,2,0.48,0
MEM,22200169,2022-11-09,124,122,24,53,4,2,0.51,1
LAC,22200170,2022-11-09,114,101,24,41,10,7,0.506,1
LAL,22200170,2022-11-09,101,114,26,43,7,2,0.455,0
SAC,22200171,2022-11-09,127,120,30,24,12,4,0.526,1
CLE,22200171,2022-11-09,120,127,24,42,4,1,0.535,0
WAS,22200172,2022-11-10,113,105,25,52,5,5,0.488,1
DAL,22200172,2022-11-10,105,113,19,41,9,1,0.43,0
ATL,22200173,2022-11-10,104,95,19,54,8,2,0.443,1
PHI,22200173,2022-11-10,95,104,15,45,10,5,0.386,0
MIA,22200174,2022-11-10,117,112,21,38,9,1,0.433,1
CHA,22200174,2022-11-10,112,117,23,50,4,2,0.489,0
NOP,22200175,2022-11-10,95,106,19,45,3,5,0.418,0
POR,22200175,2022-11-10,106,95,25,46,8,2,0.435,1
BOS,22200176,2022-11-11,131,112,30,46,3,5,0.556,1
DEN,22200176,2022-11-11,112,131,26,38,3,1,0.457,0
ORL,22200177,2022-11-11,114,97,23,50,2,4,0.524,1
PHX,22200177,2022-11-11,97,114,22,38,7,4,0.4,0
NYK,22200178,2022-11-11,121,112,23,47,7,3,0.447,1
DET,22200178,2022-11-11,112,121,22,43,6,6,0.463,0
OKC,22200179,2022-11-11,132,113,31,44,10,6,0.559,1
TOR,22200179,2022-11-11,113,132,20,39,13,4,0.432,0
SAS,22200180,2022-11-11,111,93,22,50,3,13,0.506,1
MIL,22200180,2022-11-11,93,111,22,48,7,5,0.327,0
MEM,22200181,2022-11-11,114,103,25,46,8,3,0.5,1
MIN,22200181,2022-11-11,103,114,29,33,10,4,0.468,0
GSW,22200182,2022-11-11,106,101,29,44,5,3,0.488,1
CLE,22200182,2022-11-11,101,106,25,46,6,3,0.402,0
LAL,22200183,2022-11-11,114,120,22,41,11,5,0.477,0
SAC,22200183,2022-11-11,120,114,27,40,10,4,0.517,1
LAC,22200184,2022-11-12,95,110,22,46,4,6,0.4,0
BKN,22200184,2022-11-12,110,95,27,41,9,6,0.482,1
WAS,22200185,2022-11-12,121,112,27,46,6,8,0.5,1
UTA,22200185,2022-11-12,112,121,33,42,4,3,0.468,0
DET,22200186,2022-11-12,108,117,23,50,4,3,0.416,0
BOS,22200186,2022-11-12,117,108,27,42,6,4,0.429,1
IND,22200187,2022-11-12,118,104,33,51,4,6,0.5,1
TOR,22200187,2022-11-12,104,118,14,43,12,8,0.394,0
PHI,22200188,2022-11-12,121,109,24,31,10,5,0.55,1
ATL,22200188,2022-11-12,109,121,20,43,4,2,0.449,0
MIA,22200189,2022-11-12,132,115,32,46,7,5,0.527,1
CHA,22200189,2022-11-12,115,132,25,37,4,3,0.511,0
DAL,22200190,2022-11-12,117,112,26,40,8,2,0.506,1
POR,22200190,2022-11-12,112,117,20,44,6,2,0.45,0
NOP,22200191,2022-11-12,119,106,28,36,13,1,0.488,1
HOU,22200191,2022-11-12,106,119,24,43,7,4,0.506,0
NYK,22200192,2022-11-13,135,145,25,35,13,2,0.495,0
OKC,22200192,2022-11-13,145,135,31,38,9,5,0.625,1
CLE,22200193,2022-11-13,124,129,22,40,6,1,0.449,0
MIN,22200193,2022-11-13,129,124,30,47,5,4,0.561,1
WAS,22200194,2022-11-13,102,92,26,47,9,6,0.419,1
MEM,22200194,2022-11-13,92,102,21,51,7,6,0.396,0
PHI,22200195,2022-11-13,105,98,21,39,12,14,0.482,1
UTA,22200195,2022-11-13,98,105,23,50,3,4,0.394,0
CHI,22200196,2022-11-13,103,126,24,36,9,4,0.494,0
DEN,22200196,2022-11-13,126,103,33,36,11,3,0.6,1
SAC,22200197,2022-11-13,122,115,31,45,8,2,0.516,1
GSW,22200197,2022-11-13,115,122,27,43,5,5,0.467,0
LAL,22200198,2022-11-13,116,103,25,45,3,2,0.484,1
BKN,22200198,2022-11-13,103,116,22,41,5,5,0.45,0
DET,22200199,2022-11-14,111,115,23,39,8,2,0.455,0
TOR,22200199,2022-11-14,115,111,27,42,7,8,0.488,1
ORL,22200200,2022-11-14,105,112,23,48,3,7,0.409,0
CHA,22200200,2022-11-14,112,105,22,37,15,7,0.477,1
BOS,22200201,2022-11-14,126,122,25,46,15,7,0.479,1
OKC,22200201,2022-11-14,122,126,21,51,4,6,0.48,0
MIA,22200202,2022-11-14,113,112,23,42,6,4,0.458,1
PHX,22200202,2022-11-14,112,113,22,45,9,4,0.485,0
HOU,22200203,2022-11-14,106,122,20,40,11,3,0.453,0
LAC,22200203,2022-11-14,122,106,25,44,6,4,0.506,1
MIL,22200204,2022-11-14,106,121,21,46,4,3,0.415,0
ATL,22200204,2022-11-14,121,106,23,45,4,4,0.478,1
GSW,22200205,2022-11-14,132,95,35,40,9,3,0.534,1
SAS,22200205,2022-11-14,95,132,18,53,6,6,0.36,0
NOP,22200206,2022-11-15,113,102,31,43,2,8,0.473,1
MEM,22200206,2022-11-15,102,113,16,51,6,8,0.413,0
DAL,22200207,2022-11-15,103,101,20,34,12,1,0.438,1
LAC,22200207,2022-11-15,101,103,23,40,8,2,0.531,0
UTA,22200208,2022-11-15,111,118,29,49,7,5,0.434,0
NYK,22200208,2022-11-15,118,111,26,43,10,3,0.473,1
POR,22200209,2022-11-15,117,110,22,39,6,3,0.519,1
SAS,22200209,2022-11-15,110,117,34,38,7,5,0.518,0
SAC,22200210,2022-11-15,153,121,39,43,9,4,0.596,1
BKN,22200210,2022-11-15,121,153,25,29,5,3,0.494,0
CHA,22200211,2022-11-16,113,125,29,44,8,4,0.457,0
IND,22200211,2022-11-16,125,113,27,34,11,9,0.537,1
ORL,22200212,2022-11-16,108,126,21,47,6,5,0.452,0
MIN,22200212,2022-11-16,126,108,28,40,15,6,0.523,1
WAS,22200213,2022-11-16,120,121,32,41,8,5,0.512,0
OKC,22200213,2022-11-16,121,120,24,37,4,7,0.543,1
ATL,22200214,2022-11-16,101,126,21,45,5,5,0.416,0
BOS,22200214,2022-11-16,126,101,29,49,4,8,0.545,1
TOR,22200215,2022-11-16,112,104,23,42,5,3,0.512,1
MIA,22200215,2022-11-16,104,112,19,23,5,4,0.545,0
MIL,22200216,2022-11-16,113,98,26,52,5,6,0.477,1
CLE,22200216,2022-11-16,98,113,22,34,7,7,0.429,0
NOP,22200217,2022-11-16,124,110,30,46,4,6,0.506,1
CHI,22200217,2022-11-16,110,124,25,37,2,1,0.494,0
DAL,22200218,2022-11-16,92,101,21,38,9,2,0.304,0
HOU,22200218,2022-11-16,101,92,21,56,1,19,0.467,1
DEN,22200219,2022-11-16,103,106,18,42,3,5,0.439,0
NYK,22200219,2022-11-16,106,103,24,40,12,5,0.44,1
PHX,22200220,2022-11-16,130,119,33,47,5,8,0.512,1
GSW,22200220,2022-11-16,119,130,30,40,5,3,0.457,0
POR,22200221,2022-11-17,107,109,22,39,9,5,0.387,0
BKN,22200221,2022-11-17,109,107,32,47,4,5,0.506,1
SAC,22200222,2022-11-17,130,112,28,37,7,1,0.578,1
SAS,22200222,2022-11-17,112,130,29,32,8,6,0.548,0
LAC,22200223,2022-11-17,96,91,17,51,1,1,0.407,1
DET,22200223,2022-11-17,91,96,15,43,9,7,0.375,0
WAS,22200224,2022-11-18,107,106,33,54,6,4,0.427,1
MIA,22200224,2022-11-18,106,107,23,53,6,4,0.357,0
CLE,22200225,2022-11-18,132,122,25,50,8,8,0.533,1
CHA,22200225,2022-11-18,122,132,24,53,11,6,0.4,0
PHI,22200226,2022-11-18,110,102,28,41,5,5,0.513,1
MIL,22200226,2022-11-18,102,110,22,42,8,7,0.456,0
CHI,22200227,2022-11-18,107,108,27,46,6,6,0.461,0
ORL,22200227,2022-11-18,108,107,25,41,4,7,0.494,1
HOU,22200228,2022-11-18,91,99,15,49,8,4,0.337,0
IND,22200228,2022-11-18,99,91,25,45,8,10,0.402,1
MEM,22200229,2022-11-18,121,110,26,57,4,7,0.419,1
OKC,22200229,2022-11-18,110,121,34,43,5,9,0.469,0
DAL,22200230,2022-11-18,127,99,29,44,5,3,0.597,1
DEN,22200230,2022-11-18,99,127,24,36,4,1,0.422,0
NOP,22200231,2022-11-18,109,117,24,37,13,3,0.494,0
BOS,22200231,2022-11-18,117,109,28,46,6,3,0.482,1
UTA,22200232,2022-11-18,134,133,32,36,6,3,0.56,1
PHX,22200232,2022-11-18,133,134,29,42,7,6,0.521,0
GSW,22200233,2022-11-18,111,101,32,51,8,3,0.451,1
NYK,22200233,2022-11-18,101,111,16,45,8,7,0.345,0
LAL,22200234,2022-11-18,128,121,29,44,2,7,0.551,1
DET,22200234,2022-11-18,121,128,27,37,9,4,0.467,0
ATL,22200235,2022-11-19,124,122,23,50,5,5,0.5,1
TOR,22200235,2022-11-19,122,124,27,51,11,6,0.444,0
IND,22200236,2022-11-19,114,113,27,42,5,6,0.456,1
ORL,22200236,2022-11-19,113,114,16,41,8,6,0.429,0
PHI,22200237,2022-11-19,109,112,21,39,10,1,0.479,0
MIN,22200237,2022-11-19,112,109,28,43,9,2,0.471,1
POR,22200238,2022-11-19,113,118,27,43,11,8,0.47,0
UTA,22200238,2022-11-19,118,113,23,42,6,4,0.462,1
LAC,22200239,2022-11-19,119,97,32,35,9,1,0.543,1
SAS,22200239,2022-11-19,97,119,22,43,4,2,0.414,0
PHX,22200240,2022-11-20,116,95,35,60,3,8,0.426,1
NYK,22200240,2022-11-20,95,116,20,39,4,7,0.4,0
WAS,22200241,2022-11-20,106,102,19,49,6,13,0.43,1
CHA,22200241,2022-11-20,102,106,19,51,5,5,0.39,0
SAC,22200242,2022-11-20,137,129,29,41,4,0,0.553,1
DET,22200242,2022-11-20,129,137,20,35,4,3,0.528,0
BKN,22200243,2022-11-20,127,115,33,45,5,5,0.602,1
MEM,22200243,2022-11-20,115,127,28,44,13,0,0.434,0
CLE,22200244,2022-11-20,113,87,31,49,7,1,0.53,1
MIA,22200244,2022-11-20,87,113,17,30,6,3,0.388,0
HOU,22200245,2022-11-20,120,127,24,45,13,1,0.456,0
GSW,22200245,2022-11-20,127,120,38,40,8,5,0.535,1
DAL,22200246,2022-11-20,97,98,24,36,5,3,0.449,0
DEN,22200246,2022-11-20,98,97,22,44,10,5,0.474,1
LAL,22200247,2022-11-20,123,92,29,54,5,2,0.529,1
SAS,22200247,2022-11-20,92,123,26,44,7,2,0.39,0
CLE,22200248,2022-11-21,114,102,24,37,8,3,0.6,1
ATL,22200248,2022-11-21,102,114,24,35,11,3,0.437,0
IND,22200249,2022-11-21,123,102,32,48,9,5,0.5,1
ORL,22200249,2022-11-21,102,123,20,38,10,2,0.424,0
CHI,22200250,2022-11-21,121,107,26,51,10,1,0.517,1
BOS,22200250,2022-11-21,107,121,28,38,3,4,0.437,0
MIL,22200251,2022-11-21,119,111,31,42,12,8,0.547,1
POR,22200251,2022-11-21,111,119,19,40,5,3,0.473,0
MIN,22200252,2022-11-21,105,101,30,40,9,6,0.435,1
MIA,22200252,2022-11-21,101,105,26,46,9,5,0.389,0
NOP,22200253,2022-11-21,128,83,30,50,15,5,0.538,1
GSW,22200253,2022-11-21,83,128,17,34,9,5,0.378,0
OKC,22200254,2022-11-21,119,129,25,38,5,5,0.489,0
NYK,22200254,2022-11-21,129,119,21,48,10,2,0.526,1
LAC,22200255,2022-11-21,121,114,26,41,6,6,0.516,1
UTA,22200255,2022-11-21,114,121,22,45,8,5,0.449,0
PHI,22200256,2022-11-22,115,106,19,49,9,4,0.434,1
BKN,22200256,2022-11-22,106,115,31,35,5,13,0.55,0
MEM,22200257,2022-11-22,109,113,26,49,12,10,0.451,0
SAC,22200257,2022-11-22,113,109,27,45,11,2,0.433,1
DEN,22200258,2022-11-22,108,110,28,42,7,8,0.5,0
DET,22200258,2022-11-22,110,108,27,40,7,5,0.511,1
PHX,22200259,2022-11-22,115,105,23,49,8,7,0.471,1
LAL,22200259,2022-11-22,105,115,19,45,8,7,0.424,0
CHA,22200260,2022-11-23,107,101,25,44,8,1,0.478,1
PHI,22200260,2022-11-23,101,107,20,45,9,3,0.442,0
CLE,22200261,2022-11-23,114,96,22,39,4,4,0.554,1
POR,22200261,2022-11-23,96,114,28,32,9,4,0.449,0
IND,22200262,2022-11-23,101,115,25,30,16,5,0.385,0
MIN,22200262,2022-11-23,115,101,31,50,9,10,0.61,1
ATL,22200263,2022-11-23,115,106,23,47,9,6,0.446,1
SAC,22200263,2022-11-23,106,115,27,48,6,2,0.461,0
BOS,22200264,2022-11-23,125,112,29,38,4,4,0.536,1
DAL,22200264,2022-11-23,112,125,20,35,4,3,0.537,0
MIA,22200265,2022-11-23,113,105,20,53,7,5,0.419,1
WAS,22200265,2022-11-23,105,113,27,43,7,5,0.472,0
TOR,22200266,2022-11-23,98,112,16,52,12,2,0.356,0
BKN,22200266,2022-11-23,112,98,32,39,10,11,0.549,1
MIL,22200267,2022-11-23,113,118,24,48,5,3,0.456,0
CHI,22200267,2022-11-23,118,113,30,35,9,12,0.494,1
OKC,22200268,2022-11-23,126,131,26,39,6,7,0.433,0
DEN,22200268,2022-11-23,131,126,31,55,4,8,0.477,1
SAS,22200269,2022-11-23,110,129,31,37,11,1,0.482,0
NOP,22200269,2022-11-23,129,110,33,42,8,5,0.573,1
UTA,22200270,2022-11-23,116,125,31,38,4,7,0.494,0
DET,22200270,2022-11-23,125,116,24,38,9,2,0.494,1
GSW,22200271,2022-11-23,124,107,36,45,11,6,0.495,1
LAC,22200271,2022-11-23,107,124,22,43,5,2,0.448,0
CHA,22200272,2022-11-25,110,108,24,55,6,4,0.449,1
MIN,22200272,2022-11-25,108,110,24,45,7,9,0.427,0
ORL,22200273,2022-11-25,99,107,20,35,7,6,0.425,0
PHI,22200273,2022-11-25,107,99,25,47,7,1,0.476,1
NYK,22200274,2022-11-25,129,132,27,44,7,5,0.438,0
POR,22200274,2022-11-25,132,129,24,48,3,3,0.494,1
BOS,22200275,2022-11-25,122,104,27,38,9,6,0.494,1
SAC,22200275,2022-11-25,104,122,20,45,3,4,0.414,0
IND,22200276,2022-11-25,128,117,28,41,13,4,0.5,1
BKN,22200276,2022-11-25,117,128,27,38,2,8,0.534,0
MIA,22200277,2022-11-25,110,107,24,47,5,5,0.472,1
WAS,22200277,2022-11-25,107,110,27,45,7,9,0.43,0
HOU,22200278,2022-11-25,128,122,25,59,9,4,0.471,1
ATL,22200278,2022-11-25,122,128,14,28,9,6,0.476,0
MEM,22200279,2022-11-25,132,111,26,46,4,4,0.516,1
NOP,22200279,2022-11-25,111,132,26,41,9,4,0.43,0
MIL,22200280,2022-11-25,117,102,27,43,4,9,0.506,1
CLE,22200280,2022-11-25,102,117,12,41,9,2,0.391,0
OKC,22200281,2022-11-25,123,119,24,50,7,5,0.463,1
CHI,22200281,2022-11-25,119,123,25,47,5,4,0.436,0
SAS,22200282,2022-11-25,94,105,21,50,11,3,0.38,0
LAL,22200282,2022-11-25,105,94,28,49,12,5,0.482,1
PHX,22200283,2022-11-25,108,102,25,43,7,7,0.483,1
DET,22200283,2022-11-25,102,108,21,49,6,3,0.424,0
GSW,22200284,2022-11-25,129,118,33,49,8,3,0.515,1
UTA,22200284,2022-11-25,118,129,28,42,12,6,0.474,0
LAC,22200285,2022-11-25,104,114,22,33,1,5,0.544,0
DEN,22200285,2022-11-25,114,104,27,37,9,5,0.494,1
TOR,22200286,2022-11-26,105,100,20,48,10,2,0.432,1
DAL,22200286,2022-11-26,100,105,28,34,7,5,0.479,0
HOU,22200287,2022-11-26,118,105,25,53,9,3,0.523,1
OKC,22200287,2022-11-26,105,118,19,41,12,3,0.392,0
SAS,22200288,2022-11-26,138,143,33,47,8,5,0.505,0
LAL,22200288,2022-11-26,143,138,25,39,4,7,0.58,1
PHX,22200289,2022-11-26,113,112,23,48,8,6,0.457,1
UTA,22200289,2022-11-26,112,113,20,40,5,2,0.506,0
BKN,22200290,2022-11-27,111,97,27,38,6,2,0.526,1
POR,22200290,2022-11-27,97,111,27,42,4,2,0.443,0
MIN,22200291,2022-11-27,114,137,22,31,7,2,0.443,0
GSW,22200291,2022-11-27,137,114,36,47,7,6,0.575,1
LAC,22200292,2022-11-27,114,100,33,62,7,4,0.447,1
IND,22200292,2022-11-27,100,114,23,39,14,4,0.383,0
ATL,22200293,2022-11-27,98,106,24,42,6,3,0.398,0
MIA,22200293,2022-11-27,106,98,28,46,8,5,0.488,1
BOS,22200294,2022-11-27,130,121,25,38,2,5,0.55,1
WAS,22200294,2022-11-27,121,130,23,29,8,1,0.537,0
DET,22200295,2022-11-27,94,102,14,36,9,6,0.456,0
CLE,22200295,2022-11-27,102,94,14,41,3,4,0.429,1
NYK,22200296,2022-11-27,123,127,30,42,3,7,0.506,0
MEM,22200296,2022-11-27,127,123,32,50,4,2,0.484,1
ORL,22200297,2022-11-27,103,133,21,26,9,4,0.456,0
PHI,22200297,2022-11-27,133,103,32,43,10,8,0.649,1
MIL,22200298,2022-11-27,124,115,28,40,8,5,0.558,1
DAL,22200298,2022-11-27,115,124,23,32,6,2,0.512,0
PHI,22200299,2022-11-28,104,101,23,37,10,3,0.453,1
ATL,22200299,2022-11-28,101,104,26,42,7,6,0.5,0
WAS,22200300,2022-11-28,142,127,31,34,12,5,0.571,1
MIN,22200300,2022-11-28,127,142,20,45,4,3,0.5,0
BOS,22200301,2022-11-28,140,105,40,39,10,5,0.591,1
CHA,22200301,2022-11-28,105,140,28,37,7,2,0.488,0
BKN,22200302,2022-11-28,109,102,20,42,7,8,0.543,1
ORL,22200302,2022-11-28,102,109,18,35,9,5,0.475,0
TOR,22200303,2022-11-28,100,88,23,45,4,5,0.44,1
CLE,22200303,2022-11-28,88,100,21,47,7,3,0.378,0
NOP,22200304,2022-11-28,105,101,21,49,12,8,0.448,1
OKC,22200304,2022-11-28,101,105,16,47,11,4,0.37,0
DEN,22200305,2022-11-28,129,113,31,43,8,4,0.568,1
HOU,22200305,2022-11-28,113,129,25,37,4,2,0.459,0
UTA,22200306,2022-11-28,107,114,30,45,5,4,0.482,0
CHI,22200306,2022-11-28,114,107,21,50,6,3,0.462,1
SAC,22200307,2022-11-28,117,122,32,37,9,7,0.523,0
PHX,22200307,2022-11-28,122,117,26,45,9,7,0.532,1
LAL,22200308,2022-11-28,115,116,23,57,3,7,0.43,0
IND,22200308,2022-11-28,116,115,29,49,6,10,0.41,1
DET,22200309,2022-11-29,110,140,28,30,7,4,0.506,0
NYK,22200309,2022-11-29,140,110,31,51,9,1,0.563,1
DAL,22200310,2022-11-29,116,113,21,39,7,4,0.462,1
GSW,22200310,2022-11-29,113,116,27,50,6,3,0.477,0
POR,22200311,2022-11-29,112,118,24,43,6,7,0.467,0
LAC,22200311,2022-11-29,118,112,26,48,6,7,0.461,1
CLE,22200312,2022-11-30,113,85,28,40,10,3,0.608,1
PHI,22200312,2022-11-30,85,113,19,30,7,1,0.416,0
ORL,22200313,2022-11-30,108,125,26,33,5,3,0.494,0
ATL,22200313,2022-11-30,125,108,25,49,8,3,0.543,1
BOS,22200314,2022-11-30,134,121,32,41,7,0,0.554,1
MIA,22200314,2022-11-30,121,134,25,32,8,3,0.522,0
BKN,22200315,2022-11-30,113,107,22,35,8,7,0.464,1
WAS,22200315,2022-11-30,107,113,19,51,6,5,0.438,0
NYK,22200316,2022-11-30,103,109,18,55,2,3,0.42,0
MIL,22200316,2022-11-30,109,103,23,52,3,6,0.433,1
MIN,22200317,2022-11-30,109,101,26,29,13,11,0.461,1
MEM,22200317,2022-11-30,101,109,17,59,7,4,0.425,0
NOP,22200318,2022-11-30,126,108,28,52,10,4,0.523,1
TOR,22200318,2022-11-30,108,126,29,30,12,7,0.477,0
OKC,22200319,2022-11-30,119,111,17,52,4,4,0.511,1
SAS,22200319,2022-11-30,111,119,27,44,5,2,0.446,0
DEN,22200320,2022-11-30,120,100,30,42,6,8,0.53,1
HOU,22200320,2022-11-30,100,120,18,39,5,6,0.42,0
PHX,22200321,2022-11-30,132,113,22,46,3,5,0.527,1
CHI,22200321,2022-11-30,113,132,21,35,5,6,0.5,0
UTA,22200322,2022-11-30,125,112,24,46,4,7,0.556,1
LAC,22200322,2022-11-30,112,125,16,39,9,5,0.398,0
SAC,22200323,2022-11-30,137,114,28,58,8,5,0.505,1
IND,22200323,2022-11-30,114,137,28,47,8,5,0.4,0
LAL,22200324,2022-11-30,128,109,28,48,5,6,0.495,1
POR,22200324,2022-11-30,109,128,21,45,4,5,0.467,0
DET,22200325,2022-12-01,131,125,29,52,9,0,0.543,1
DAL,22200325,2022-12-01,125,131,25,30,8,7,0.535,0
CHA,22200326,2022-12-02,117,116,25,45,6,3,0.421,1
WAS,22200326,2022-12-02,116,117,23,56,3,9,0.453,0
ATL,22200327,2022-12-02,117,109,24,43,7,3,0.557,1
DEN,22200327,2022-12-02,109,117,31,33,8,0,0.529,0
BOS,22200328,2022-12-02,116,120,26,48,6,2,0.46,0
MIA,22200328,2022-12-02,120,116,19,50,11,3,0.475,1
BKN,22200329,2022-12-02,114,105,27,41,7,5,0.537,1
TOR,22200329,2022-12-02,105,114,16,43,7,2,0.437,0
CLE,22200330,2022-12-02,107,96,22,33,7,5,0.488,1
ORL,22200330,2022-12-02,96,107,19,40,6,4,0.494,0
MIL,22200331,2022-12-02,129,133,29,42,2,5,0.532,0
LAL,22200331,2022-12-02,133,129,32,44,6,4,0.542,1
MEM,22200332,2022-12-02,117,109,22,57,8,11,0.433,1
PHI,22200332,2022-12-02,109,117,23,42,7,5,0.44,0
SAS,22200333,2022-12-02,99,117,26,49,4,4,0.388,0
NOP,22200333,2022-12-02,117,99,25,53,9,5,0.435,1
PHX,22200334,2022-12-02,121,122,30,37,9,5,0.529,0
HOU,22200334,2022-12-02,122,121,19,41,12,2,0.494,1
UTA,22200335,2022-12-02,139,119,29,47,7,2,0.554,1
IND,22200335,2022-12-02,119,139,25,35,12,5,0.435,0
GSW,22200336,2022-12-02,119,111,32,50,2,5,0.483,1
CHI,22200336,2022-12-02,111,119,28,44,7,1,0.462,0
NYK,22200337,2022-12-03,100,121,18,45,7,1,0.455,0
DAL,22200337,2022-12-03,121,100,27,50,7,5,0.43,1
LAC,22200338,2022-12-03,96,123,15,50,4,3,0.355,0
SAC,22200338,2022-12-03,123,96,31,46,7,6,0.517,1
CHA,22200339,2022-12-03,96,105,15,44,9,4,0.391,0
MIL,22200339,2022-12-03,105,96,24,47,5,8,0.47,1
TOR,22200340,2022-12-03,121,108,31,43,12,4,0.56,1
ORL,22200340,2022-12-03,108,121,23,29,9,2,0.487,0
MIN,22200341,2022-12-03,128,135,25,44,13,10,0.528,0
OKC,22200341,2022-12-03,135,128,26,42,11,5,0.516,1
GSW,22200342,2022-12-03,120,101,34,35,8,5,0.529,1
HOU,22200342,2022-12-03,101,120,17,45,6,4,0.44,0
UTA,22200343,2022-12-03,111,116,20,44,8,4,0.452,0
POR,22200343,2022-12-03,116,111,19,49,5,6,0.482,1
NOP,22200344,2022-12-04,121,106,29,36,10,5,0.506,1
DEN,22200344,2022-12-04,106,121,24,43,5,5,0.506,0
SAS,22200345,2022-12-04,95,133,19,40,5,3,0.437,0
PHX,22200345,2022-12-04,133,95,38,45,5,0,0.521,1
BKN,22200346,2022-12-04,92,103,17,45,6,7,0.405,0
BOS,22200346,2022-12-04,103,92,18,48,11,9,0.432,1
DET,22200347,2022-12-04,112,122,26,39,7,7,0.44,0
MEM,22200347,2022-12-04,122,112,28,46,9,5,0.467,1
NYK,22200348,2022-12-04,92,81,17,54,6,3,0.407,1
CLE,22200348,2022-12-04,81,92,17,39,7,6,0.349,0
WAS,22200349,2022-12-04,119,130,24,44,10,8,0.467,0
LAL,22200349,2022-12-04,130,119,34,51,5,5,0.542,1
SAC,22200350,2022-12-04,110,101,30,46,10,2,0.465,1
CHI,22200350,2022-12-04,101,110,17,39,9,5,0.442,0
POR,22200351,2022-12-04,116,100,32,45,10,3,0.488,1
IND,22200351,2022-12-04,100,116,22,44,10,5,0.44,0
CHA,22200352,2022-12-05,117,119,29,49,8,4,0.48,0
LAC,22200352,2022-12-05,119,117,30,47,4,5,0.484,1
ORL,22200353,2022-12-05,102,109,21,52,8,2,0.366,0
MIL,22200353,2022-12-05,109,102,31,45,9,4,0.447,1
ATL,22200354,2022-12-05,114,121,24,54,7,4,0.431,0
OKC,22200354,2022-12-05,121,114,25,49,8,4,0.453,1
TOR,22200355,2022-12-05,110,116,19,46,6,5,0.459,0
BOS,22200355,2022-12-05,116,110,27,49,6,3,0.489,1
HOU,22200356,2022-12-05,132,123,19,51,9,3,0.447,1
PHI,22200356,2022-12-05,123,132,23,39,10,6,0.448,0
MEM,22200357,2022-12-05,101,93,23,41,10,5,0.467,1
MIA,22200357,2022-12-05,93,101,23,45,7,3,0.392,0
DAL,22200358,2022-12-05,130,111,23,41,7,6,0.524,1
PHX,22200358,2022-12-05,111,130,28,41,5,5,0.44,0
GSW,22200359,2022-12-05,104,112,26,47,6,6,0.404,0
IND,22200359,2022-12-05,112,104,26,47,3,8,0.478,1
CLE,22200360,2022-12-06,116,102,25,44,11,3,0.516,1
LAL,22200360,2022-12-06,102,116,16,43,4,6,0.427,0
MIA,22200361,2022-12-06,96,116,21,40,7,2,0.429,0
DET,22200361,2022-12-06,116,96,27,40,8,1,0.494,1
DEN,22200362,2022-12-06,115,116,30,36,8,4,0.513,0
DAL,22200362,2022-12-06,116,115,27,35,10,4,0.5,1
ORL,22200363,2022-12-07,116,111,20,53,8,5,0.421,1
LAC,22200363,2022-12-07,111,116,26,53,3,9,0.411,0
BKN,22200364,2022-12-07,122,116,33,39,3,8,0.57,1
CHA,22200364,2022-12-07,116,122,25,40,4,3,0.534,0
NYK,22200365,2022-12-07,113,89,26,55,6,2,0.446,1
ATL,22200365,2022-12-07,89,113,16,39,4,6,0.376,0
TOR,22200366,2022-12-07,126,113,25,54,10,5,0.443,1
LAL,22200366,2022-12-07,113,126,16,46,6,3,0.425,0
CHI,22200367,2022-12-07,115,111,29,41,11,4,0.5,1
WAS,22200367,2022-12-07,111,115,22,38,12,6,0.488,0
MEM,22200368,2022-12-07,123,102,32,50,13,9,0.511,1
OKC,22200368,2022-12-07,102,123,25,48,9,3,0.37,0
MIL,22200369,2022-12-07,126,113,34,50,3,2,0.479,1
SAC,22200369,2022-12-07,113,126,19,40,2,4,0.473,0
MIN,22200370,2022-12-07,121,115,25,51,15,2,0.473,1
IND,22200370,2022-12-07,115,121,22,31,10,4,0.481,0
NOP,22200371,2022-12-07,104,98,21,50,8,9,0.459,1
DET,22200371,2022-12-07,98,104,17,42,5,1,0.389,0
UTA,22200372,2022-12-07,124,123,26,40,6,7,0.535,1
GSW,22200372,2022-12-07,123,124,26,42,8,5,0.459,0
PHX,22200373,2022-12-07,98,125,19,49,5,4,0.398,0
BOS,22200373,2022-12-07,125,98,29,53,14,3,0.485,1
MIA,22200374,2022-12-08,115,110,24,43,11,1,0.511,1
LAC,22200374,2022-12-08,110,115,24,43,3,3,0.463,0
SAS,22200375,2022-12-08,118,109,25,38,5,7,0.554,1
HOU,22200375,2022-12-08,109,118,23,42,3,4,0.449,0
POR,22200376,2022-12-08,120,121,30,38,10,3,0.484,0
DEN,22200376,2022-12-08,121,120,28,48,6,5,0.516,1
CHA,22200377,2022-12-09,102,121,16,45,8,6,0.44,0
NYK,22200377,2022-12-09,121,102,25,48,6,7,0.441,1
IND,22200378,2022-12-09,121,111,23,40,7,2,0.506,1
WAS,22200378,2022-12-09,111,121,25,38,6,3,0.532,0
ORL,22200379,2022-12-09,113,109,24,43,3,4,0.592,1
TOR,22200379,2022-12-09,109,113,23,33,10,5,0.424,0
BKN,22200380,2022-12-09,120,116,30,38,10,5,0.542,1
ATL,22200380,2022-12-09,116,120,21,38,12,4,0.495,0
CLE,22200381,2022-12-09,95,106,20,36,7,4,0.43,0
SAC,22200381,2022-12-09,106,95,21,38,11,5,0.53,1
PHI,22200382,2022-12-09,133,122,30,42,14,2,0.533,1
LAL,22200382,2022-12-09,122,133,29,37,12,4,0.5,0
MEM,22200383,2022-12-09,114,103,30,48,11,8,0.484,1
DET,22200383,2022-12-09,103,114,23,47,6,7,0.4,0
NOP,22200384,2022-12-09,128,117,27,44,10,1,0.511,1
PHX,22200384,2022-12-09,117,128,30,37,6,3,0.5,0
UTA,22200385,2022-12-09,108,118,22,40,9,0,0.433,0
MIN,22200385,2022-12-09,118,108,30,44,7,3,0.532,1
DAL,22200386,2022-12-09,105,106,21,43,8,6,0.466,0
MIL,22200386,2022-12-09,106,105,27,51,5,4,0.437,1
MIA,22200387,2022-12-10,111,115,26,32,5,3,0.481,0
SAS,22200387,2022-12-10,115,111,24,46,8,4,0.538,1
IND,22200388,2022-12-10,133,136,30,30,10,3,0.553,0
BKN,22200388,2022-12-10,136,133,19,59,7,3,0.52,1
WAS,22200389,2022-12-10,107,114,24,50,8,3,0.435,0
LAC,22200389,2022-12-10,114,107,22,42,9,7,0.426,1
CLE,22200390,2022-12-10,110,102,25,48,6,4,0.471,1
OKC,22200390,2022-12-10,102,110,25,40,8,6,0.458,0
CHI,22200391,2022-12-10,144,115,33,44,8,5,0.635,1
DAL,22200391,2022-12-10,115,144,24,37,5,4,0.456,0
GSW,22200392,2022-12-10,123,107,26,53,3,6,0.511,1
BOS,22200392,2022-12-10,107,123,17,39,8,6,0.437,0
DEN,22200393,2022-12-10,115,110,28,39,5,8,0.547,1
UTA,22200393,2022-12-10,110,115,20,42,5,6,0.459,0
POR,22200394,2022-12-10,124,118,20,45,5,4,0.518,1
MIN,22200394,2022-12-10,118,124,22,28,11,4,0.542,0
NOP,22200395,2022-12-11,129,124,31,43,10,3,0.581,1
PHX,22200395,2022-12-11,124,129,34,42,7,5,0.467,0
DET,22200396,2022-12-11,117,124,28,40,9,3,0.462,0
LAL,22200396,2022-12-11,124,117,31,42,8,4,0.548,1
NYK,22200397,2022-12-11,112,99,19,55,8,4,0.449,1
SAC,22200397,2022-12-11,99,112,20,41,7,0,0.398,0
ORL,22200398,2022-12-11,111,99,25,42,3,7,0.468,1
TOR,22200398,2022-12-11,99,111,18,28,9,7,0.4,0
PHI,22200399,2022-12-11,131,113,31,41,6,6,0.554,1
CHA,22200399,2022-12-11,113,131,21,45,12,3,0.409,0
ATL,22200400,2022-12-11,123,122,28,45,3,6,0.48,1
CHI,22200400,2022-12-11,122,123,28,53,11,6,0.48,0
HOU,22200401,2022-12-11,97,92,23,49,11,8,0.44,1
MIL,22200401,2022-12-11,92,97,18,52,5,6,0.367,0
IND,22200402,2022-12-12,82,87,16,45,7,11,0.354,0
MIA,22200402,2022-12-12,87,82,23,48,7,2,0.386,1
WAS,22200403,2022-12-12,100,112,21,44,6,2,0.468,0
BKN,22200403,2022-12-12,112,100,25,41,8,7,0.494,1
MEM,22200404,2022-12-12,128,103,36,49,8,12,0.602,1
ATL,22200404,2022-12-12,103,128,20,39,13,1,0.356,0
DAL,22200405,2022-12-12,121,114,24,50,4,3,0.419,1
OKC,22200405,2022-12-12,114,121,21,42,4,1,0.477,0
SAS,22200406,2022-12-12,112,111,25,46,6,2,0.474,1
CLE,22200406,2022-12-12,111,112,21,44,7,7,0.489,0
POR,22200407,2022-12-12,133,112,32,54,4,4,0.539,1
MIN,22200407,2022-12-12,112,133,25,37,12,2,0.495,0
LAC,22200408,2022-12-12,113,93,18,46,10,2,0.489,1
BOS,22200408,2022-12-12,93,113,27,36,5,6,0.434,0
PHI,22200409,2022-12-13,123,103,34,42,10,4,0.512,1
SAC,22200409,2022-12-13,103,123,21,48,5,4,0.413,0
MIL,22200410,2022-12-13,128,111,22,55,8,5,0.549,1
GSW,22200410,2022-12-13,111,128,25,37,7,2,0.4,0
HOU,22200411,2022-12-13,111,97,16,67,6,9,0.42,1
PHX,22200411,2022-12-13,97,111,22,44,13,7,0.32,0
UTA,22200412,2022-12-13,121,100,31,59,4,10,0.476,1
NOP,22200412,2022-12-13,100,121,25,43,12,3,0.398,0
LAL,22200413,2022-12-13,118,122,23,49,7,9,0.473,0
BOS,22200413,2022-12-13,122,118,27,51,6,2,0.442,1
CHA,22200414,2022-12-14,134,141,21,52,7,6,0.412,0
DET,22200414,2022-12-14,141,134,25,52,0,8,0.516,1
IND,22200415,2022-12-14,125,119,30,34,10,8,0.506,1
GSW,22200415,2022-12-14,119,125,27,46,5,4,0.465,0
ORL,22200416,2022-12-14,135,124,28,46,10,6,0.505,1
ATL,22200416,2022-12-14,124,135,30,39,2,6,0.5,0
TOR,22200417,2022-12-14,123,124,25,39,8,7,0.5,0
SAC,22200417,2022-12-14,124,123,29,50,3,3,0.484,1
CHI,22200418,2022-12-14,120,128,25,31,6,7,0.548,0
NYK,22200418,2022-12-14,128,120,25,48,7,5,0.495,1
OKC,22200419,2022-12-14,108,110,26,44,7,4,0.5,0
MIA,22200419,2022-12-14,110,108,25,39,9,1,0.43,1
SAS,22200420,2022-12-14,112,128,23,40,9,3,0.464,0
POR,22200420,2022-12-14,128,112,26,40,5,3,0.605,1
DAL,22200421,2022-12-14,90,105,17,33,2,3,0.392,0
CLE,22200421,2022-12-14,105,90,26,43,5,2,0.526,1
DEN,22200422,2022-12-14,141,128,31,45,8,7,0.651,1
WAS,22200422,2022-12-14,128,141,40,24,10,5,0.527,0
LAC,22200423,2022-12-14,99,88,21,52,8,2,0.382,1
MIN,22200423,2022-12-14,88,99,15,43,9,4,0.419,0
HOU,22200424,2022-12-15,108,111,22,51,10,4,0.468,0
MIA,22200424,2022-12-15,111,108,21,40,10,6,0.443,1
MEM,22200425,2022-12-15,142,101,30,56,5,7,0.549,1
MIL,22200425,2022-12-15,101,142,22,39,5,1,0.372,0
UTA,22200426,2022-12-15,132,129,24,44,8,6,0.457,1
NOP,22200426,2022-12-15,129,132,24,49,8,6,0.475,0
LAC,22200427,2022-12-15,95,111,21,52,4,3,0.378,0
PHX,22200427,2022-12-15,111,95,27,53,8,8,0.463,1
CHA,22200428,2022-12-16,106,125,26,43,8,5,0.398,0
ATL,22200428,2022-12-16,125,106,25,41,3,5,0.547,1
DET,22200429,2022-12-16,113,122,22,46,7,1,0.459,0
SAC,22200429,2022-12-16,122,113,30,33,8,1,0.524,1
BOS,22200430,2022-12-16,109,117,17,38,9,12,0.417,0
ORL,22200430,2022-12-16,117,109,19,53,7,1,0.462,1
CLE,22200431,2022-12-16,118,112,23,34,6,2,0.5,1
IND,22200431,2022-12-16,112,118,34,33,6,4,0.525,0
PHI,22200432,2022-12-16,118,106,23,49,11,5,0.459,1
GSW,22200432,2022-12-16,106,118,31,48,8,6,0.415,0
TOR,22200433,2022-12-16,116,119,17,32,5,1,0.488,0
BKN,22200433,2022-12-16,119,116,22,37,5,6,0.605,1
CHI,22200434,2022-12-16,91,114,26,39,3,2,0.468,0
NYK,22200434,2022-12-16,114,91,19,50,13,2,0.402,1
OKC,22200435,2022-12-16,110,112,29,45,7,4,0.466,0
MIN,22200435,2022-12-16,112,110,23,43,16,6,0.494,1
DAL,22200436,2022-12-16,130,110,25,40,4,5,0.556,1
POR,22200436,2022-12-16,110,130,21,42,4,2,0.438,0
LAL,22200437,2022-12-16,126,108,29,45,11,4,0.527,1
DEN,22200437,2022-12-16,108,126,25,39,7,4,0.481,0
LAC,22200438,2022-12-17,102,93,19,49,6,5,0.43,1
WAS,22200438,2022-12-17,93,102,20,42,10,2,0.429,0
SAS,22200439,2022-12-17,101,111,29,38,8,3,0.429,0
MIA,22200439,2022-12-17,111,101,25,40,14,3,0.512,1
CLE,22200440,2022-12-17,100,99,23,51,6,5,0.426,1
DAL,22200440,2022-12-17,99,100,19,45,5,6,0.409,0
HOU,22200441,2022-12-17,95,107,19,51,7,6,0.4,0
POR,22200441,2022-12-17,107,95,20,36,8,4,0.471,1
MIL,22200442,2022-12-17,123,97,30,54,5,3,0.533,1
UTA,22200442,2022-12-17,97,123,24,29,5,2,0.453,0
OKC,22200443,2022-12-17,115,109,29,54,7,0,0.413,1
MEM,22200443,2022-12-17,109,115,15,53,5,5,0.378,0
PHX,22200444,2022-12-17,118,114,23,35,6,3,0.47,1
NOP,22200444,2022-12-17,114,118,27,36,2,5,0.584,0
BOS,22200445,2022-12-18,92,95,22,54,7,7,0.348,0
ORL,22200445,2022-12-18,95,92,20,46,9,3,0.384,1
IND,22200446,2022-12-18,106,109,20,44,5,3,0.433,0
NYK,22200446,2022-12-18,109,106,13,49,7,9,0.47,1
DET,22200447,2022-12-18,121,124,20,41,9,2,0.477,0
BKN,22200447,2022-12-18,124,121,26,35,5,8,0.55,1
TOR,22200448,2022-12-18,110,126,21,43,6,2,0.421,0
GSW,22200448,2022-12-18,126,110,31,41,6,2,0.531,1
MIN,22200449,2022-12-18,150,126,38,39,5,5,0.655,1
CHI,22200449,2022-12-18,126,150,31,30,6,1,0.523,0
DEN,22200450,2022-12-18,119,115,33,55,6,3,0.457,1
CHA,22200450,2022-12-18,115,119,26,48,7,7,0.427,0
LAL,22200451,2022-12-18,119,117,29,43,4,5,0.5,1
WAS,22200451,2022-12-18,117,119,24,48,5,6,0.463,0
CLE,22200452,2022-12-19,122,99,24,45,5,4,0.614,1
UTA,22200452,2022-12-19,99,122,19,35,9,2,0.387,0
PHI,22200453,2022-12-19,104,101,22,41,8,1,0.4,1
TOR,22200453,2022-12-19,101,104,24,50,6,3,0.42,0
ATL,22200454,2022-12-19,126,125,29,41,7,3,0.511,1
ORL,22200454,2022-12-19,125,126,29,45,8,8,0.474,0
HOU,22200455,2022-12-19,105,124,23,41,13,3,0.426,0
SAS,22200455,2022-12-19,124,105,30,46,6,6,0.554,1
MIN,22200456,2022-12-19,116,106,19,44,5,4,0.472,1
DAL,22200456,2022-12-19,106,116,23,42,5,5,0.408,0
NOP,22200457,2022-12-19,119,128,30,44,9,0,0.424,0
MIL,22200457,2022-12-19,128,119,26,44,8,6,0.556,1
OKC,22200458,2022-12-19,123,121,20,39,7,5,0.455,1
POR,22200458,2022-12-19,121,123,26,45,5,2,0.5,0
PHX,22200459,2022-12-19,130,104,21,51,10,5,0.495,1
LAL,22200459,2022-12-19,104,130,13,38,5,5,0.448,0
SAC,22200460,2022-12-19,119,125,23,42,8,2,0.474,0
CHA,22200460,2022-12-19,125,119,26,56,4,7,0.516,1
DET,22200461,2022-12-20,111,126,22,43,6,1,0.506,0
UTA,22200461,2022-12-20,126,111,27,43,7,5,0.505,1
MIA,22200462,2022-12-20,103,113,26,35,9,0,0.469,0
CHI,22200462,2022-12-20,113,103,24,39,7,0,0.548,1
NYK,22200463,2022-12-20,132,94,27,47,8,1,0.517,1
GSW,22200463,2022-12-20,94,132,23,29,3,2,0.473,0
PHX,22200464,2022-12-20,110,113,26,44,2,1,0.461,0
WAS,22200464,2022-12-20,113,110,22,41,9,4,0.475,1
DEN,22200465,2022-12-20,105,91,28,48,9,5,0.449,1
MEM,22200465,2022-12-20,91,105,25,42,11,7,0.444,0
CLE,22200466,2022-12-21,114,106,22,37,8,3,0.482,1
MIL,22200466,2022-12-21,106,114,20,46,7,5,0.47,0
PHI,22200467,2022-12-21,113,93,27,49,8,7,0.441,1
DET,22200467,2022-12-21,93,113,15,46,6,1,0.392,0
ATL,22200468,2022-12-21,108,110,22,47,6,7,0.429,0
CHI,22200468,2022-12-21,110,108,20,47,9,4,0.5,1
BOS,22200469,2022-12-21,112,117,26,62,11,5,0.386,0
IND,22200469,2022-12-21,117,112,27,47,10,3,0.469,1
BKN,22200470,2022-12-21,143,113,42,32,10,4,0.643,1
GSW,22200470,2022-12-21,113,143,32,36,6,1,0.494,0
NYK,22200471,2022-12-21,106,113,25,38,2,3,0.553,0
TOR,22200471,2022-12-21,113,106,17,38,7,4,0.447,1
HOU,22200472,2022-12-21,110,116,22,49,6,4,0.466,0
ORL,22200472,2022-12-21,116,110,19,45,11,6,0.451,1
MIN,22200473,2022-12-21,99,104,23,39,7,4,0.494,0
DAL,22200473,2022-12-21,104,99,17,39,6,3,0.453,1
OKC,22200474,2022-12-21,101,98,19,37,9,3,0.468,1
POR,22200474,2022-12-21,98,101,29,36,9,5,0.494,0
SAC,22200475,2022-12-21,134,120,29,46,6,2,0.505,1
LAL,22200475,2022-12-21,120,134,25,39,6,5,0.5,0
LAC,22200476,2022-12-21,126,105,29,48,6,7,0.506,1
CHA,22200476,2022-12-21,105,126,25,40,15,2,0.402,0
NOP,22200477,2022-12-22,126,117,25,46,10,6,0.484,1
SAS,22200477,2022-12-22,117,126,23,44,8,2,0.478,0
UTA,22200478,2022-12-22,120,112,16,40,5,3,0.488,1
WAS,22200478,2022-12-22,112,120,20,37,5,2,0.561,0
ORL,22200479,2022-12-23,133,113,30,44,8,2,0.575,1
SAS,22200479,2022-12-23,113,133,28,38,10,6,0.454,0
PHI,22200480,2022-12-23,119,114,31,39,7,3,0.534,1
LAC,22200480,2022-12-23,114,119,25,33,5,9,0.506,0
ATL,22200481,2022-12-23,130,105,30,48,10,8,0.533,1
DET,22200481,2022-12-23,105,130,17,43,7,3,0.411,0
BOS,22200482,2022-12-23,121,109,28,53,9,6,0.44,1
MIN,22200482,2022-12-23,109,121,25,45,3,8,0.484,0
BKN,22200483,2022-12-23,118,100,30,45,11,2,0.495,1
MIL,22200483,2022-12-23,100,118,17,45,7,1,0.44,0
CLE,22200484,2022-12-23,107,118,27,35,9,4,0.513,0
TOR,22200484,2022-12-23,118,107,25,45,10,2,0.5,1
NYK,22200485,2022-12-23,117,118,23,47,2,4,0.5,0
CHI,22200485,2022-12-23,118,117,24,41,6,4,0.484,1
MIA,22200486,2022-12-23,108,111,23,38,7,3,0.432,0
IND,22200486,2022-12-23,111,108,26,43,5,6,0.482,1
HOU,22200487,2022-12-23,106,112,26,45,9,3,0.457,0
DAL,22200487,2022-12-23,112,106,20,34,10,7,0.45,1
OKC,22200488,2022-12-23,125,128,27,47,9,5,0.461,0
NOP,22200488,2022-12-23,128,125,30,55,10,4,0.436,1
DEN,22200489,2022-12-23,120,107,31,38,9,2,0.58,1
POR,22200489,2022-12-23,107,120,24,43,5,3,0.448,0
PHX,22200490,2022-12-23,100,125,23,35,6,5,0.437,0
MEM,22200490,2022-12-23,125,100,30,53,11,5,0.495,1
SAC,22200491,2022-12-23,111,125,19,47,5,2,0.44,0
WAS,22200491,2022-12-23,125,111,30,40,9,4,0.557,1
LAL,22200492,2022-12-23,130,134,27,42,5,1,0.522,0
CHA,22200492,2022-12-23,134,130,30,41,11,5,0.553,1
NYK,22200493,2022-12-25,112,119,30,46,4,6,0.478,0
PHI,22200493,2022-12-25,119,112,22,32,5,2,0.506,1
DAL,22200494,2022-12-25,124,115,31,38,6,3,0.524,1
LAL,22200494,2022-12-25,115,124,18,35,5,2,0.487,0
BOS,22200495,2022-12-25,139,118,29,35,9,1,0.588,1
MIL,22200495,2022-12-25,118,139,22,39,8,1,0.5,0
GSW,22200496,2022-12-25,123,109,31,51,6,5,0.473,1
MEM,22200496,2022-12-25,109,123,19,44,5,6,0.415,0
DEN,22200497,2022-12-25,128,125,29,48,8,4,0.479,1
PHX,22200497,2022-12-25,125,128,32,46,7,9,0.479,0
CLE,22200498,2022-12-26,117,125,21,33,8,3,0.476,0
BKN,22200498,2022-12-26,125,117,27,38,7,4,0.573,1
DET,22200499,2022-12-26,131,142,32,45,10,4,0.44,0
LAC,22200499,2022-12-26,142,131,25,48,13,3,0.538,1
MIA,22200500,2022-12-26,113,110,27,40,9,3,0.461,1
MIN,22200500,2022-12-26,110,113,31,44,4,3,0.544,0
CHI,22200501,2022-12-26,118,133,27,35,6,2,0.489,0
HOU,22200501,2022-12-26,133,118,28,45,7,5,0.556,1
NOP,22200502,2022-12-26,113,93,30,54,10,6,0.456,1
IND,22200502,2022-12-26,93,113,23,36,9,5,0.422,0
SAS,22200503,2022-12-26,126,122,27,41,11,8,0.552,1
UTA,22200503,2022-12-26,122,126,20,45,10,3,0.402,0
POR,22200504,2022-12-26,124,113,28,50,8,9,0.5,1
CHA,22200504,2022-12-26,113,124,25,45,8,3,0.398,0
ORL,22200505,2022-12-27,110,129,25,37,8,5,0.5,0
LAL,22200505,2022-12-27,129,110,32,46,4,2,0.544,1
WAS,22200506,2022-12-27,116,111,18,39,7,8,0.459,1
PHI,22200506,2022-12-27,111,116,21,39,8,10,0.464,0
BOS,22200507,2022-12-27,126,102,32,49,8,5,0.473,1
HOU,22200507,2022-12-27,102,126,24,49,5,2,0.4,0
IND,22200508,2022-12-27,129,114,28,49,3,2,0.511,1
ATL,22200508,2022-12-27,114,129,26,42,4,3,0.449,0
TOR,22200509,2022-12-27,113,124,24,39,6,4,0.512,0
LAC,22200509,2022-12-27,124,113,27,47,8,3,0.484,1
MEM,22200510,2022-12-27,108,125,18,40,9,6,0.396,0
PHX,22200510,2022-12-27,125,108,26,47,7,9,0.494,1
OKC,22200511,2022-12-27,130,114,25,45,10,10,0.535,1
SAS,22200511,2022-12-27,114,130,20,41,9,4,0.465,0
DAL,22200512,2022-12-27,126,121,20,47,4,5,0.489,1
NYK,22200512,2022-12-27,121,126,27,55,5,0,0.437,0
GSW,22200513,2022-12-27,110,105,31,49,3,2,0.432,1
CHA,22200513,2022-12-27,105,110,22,47,6,7,0.413,0
SAC,22200514,2022-12-27,106,113,20,39,8,2,0.488,0
DEN,22200514,2022-12-27,113,106,34,40,12,3,0.477,1
DET,22200515,2022-12-28,121,101,25,49,7,4,0.45,1
ORL,22200515,2022-12-28,101,121,24,47,5,5,0.412,0
WAS,22200516,2022-12-28,127,102,27,46,7,6,0.573,1
PHX,22200516,2022-12-28,102,127,25,30,7,4,0.448,0
ATL,22200517,2022-12-28,107,108,22,47,5,6,0.433,0
BKN,22200517,2022-12-28,108,107,22,47,0,13,0.506,1
MIA,22200518,2022-12-28,112,98,20,37,14,4,0.478,1
LAL,22200518,2022-12-28,98,112,25,44,2,4,0.481,0
CHI,22200519,2022-12-28,119,113,21,52,5,10,0.457,1
MIL,22200519,2022-12-28,113,119,18,61,7,6,0.373,0
NOP,22200520,2022-12-28,119,118,22,43,6,4,0.481,1
MIN,22200520,2022-12-28,118,119,18,35,6,8,0.506,0
GSW,22200521,2022-12-28,112,107,22,51,6,3,0.425,1
UTA,22200521,2022-12-28,107,112,26,50,3,6,0.407,0
SAC,22200522,2022-12-28,127,126,32,34,10,6,0.528,1
DEN,22200522,2022-12-28,126,127,31,34,6,8,0.576,0
CHA,22200523,2022-12-29,121,113,33,52,8,11,0.548,1
OKC,22200523,2022-12-29,113,121,15,41,9,1,0.424,0
IND,22200524,2022-12-29,135,126,28,32,6,8,0.565,1
CLE,22200524,2022-12-29,126,135,29,44,7,4,0.521,0
BOS,22200525,2022-12-29,116,110,22,49,3,7,0.484,1
LAC,22200525,2022-12-29,110,116,26,41,4,4,0.483,0
TOR,22200526,2022-12-29,106,119,21,47,11,7,0.406,0
MEM,22200526,2022-12-29,119,106,37,53,4,4,0.505,1
SAS,22200527,2022-12-29,122,115,25,48,5,7,0.511,1
NYK,22200527,2022-12-29,115,122,20,38,7,2,0.422,0
DAL,22200528,2022-12-29,129,114,30,44,7,8,0.516,1
HOU,22200528,2022-12-29,114,129,21,48,5,0,0.442,0
ORL,22200529,2022-12-30,100,119,24,35,8,2,0.42,0
WAS,22200529,2022-12-30,119,100,33,53,4,10,0.56,1
ATL,22200530,2022-12-30,121,130,22,41,6,5,0.475,0
LAL,22200530,2022-12-30,130,121,34,55,7,6,0.542,1
TOR,22200531,2022-12-30,113,104,20,31,15,3,0.494,1
PHX,22200531,2022-12-30,104,113,26,42,7,1,0.493,0
CHI,22200532,2022-12-30,132,118,21,38,10,4,0.576,1
DET,22200532,2022-12-30,118,132,28,35,8,1,0.477,0
MIL,22200533,2022-12-30,123,114,25,68,5,8,0.462,1
MIN,22200533,2022-12-30,114,123,18,36,10,5,0.435,0
NOP,22200534,2022-12-30,127,116,19,36,14,3,0.537,1
PHI,22200534,2022-12-30,116,127,28,29,5,7,0.56,0
DEN,22200535,2022-12-30,124,119,34,36,6,1,0.592,1
MIA,22200535,2022-12-30,119,124,21,36,13,4,0.448,0
GSW,22200536,2022-12-30,118,112,29,46,9,2,0.462,1
POR,22200536,2022-12-30,112,118,22,49,2,4,0.462,0
SAC,22200537,2022-12-30,126,125,32,38,5,3,0.556,1
UTA,22200537,2022-12-30,125,126,30,37,7,2,0.548,0
IND,22200538,2022-12-31,131,130,28,36,10,4,0.523,1
LAC,22200538,2022-12-31,130,131,23,39,7,6,0.537,0
CHA,22200539,2022-12-31,106,123,28,45,7,2,0.396,0
BKN,22200539,2022-12-31,123,106,26,42,7,6,0.6,1
CHI,22200540,2022-12-31,102,103,14,40,15,6,0.481,0
CLE,22200540,2022-12-31,103,102,20,50,9,5,0.459,1
HOU,22200541,2022-12-31,88,108,20,52,4,6,0.377,0
NYK,22200541,2022-12-31,108,88,20,46,10,5,0.389,1
SAS,22200542,2022-12-31,125,126,28,48,1,0,0.553,0
DAL,22200542,2022-12-31,126,125,21,26,5,3,0.581,1
MEM,22200543,2022-12-31,116,101,26,52,14,11,0.511,1
NOP,22200543,2022-12-31,101,116,16,46,6,4,0.352,0
MIN,22200544,2022-12-31,104,116,17,39,6,5,0.434,0
DET,22200544,2022-12-31,116,104,21,52,6,6,0.483,1
OKC,22200545,2022-12-31,96,115,16,50,7,6,0.38,0
PHI,22200545,2022-12-31,115,96,29,56,7,9,0.465,1
UTA,22200546,2022-12-31,123,126,23,49,6,3,0.432,0
MIA,22200546,2022-12-31,126,123,32,37,10,1,0.506,1
MEM,22200547,2023-01-01,118,108,25,57,11,8,0.46,1
SAC,22200547,2023-01-01,108,118,24,47,7,4,0.406,0
MIL,22200548,2023-01-01,95,118,22,44,11,3,0.354,0
WAS,22200548,2023-01-01,118,95,29,54,9,6,0.532,1
DEN,22200549,2023-01-01,123,111,31,35,5,4,0.57,1
BOS,22200549,2023-01-01,111,123,30,41,8,3,0.46,0
NYK,22200550,2023-01-02,102,83,26,45,1,2,0.486,1
PHX,22200550,2023-01-02,83,102,22,36,4,0,0.391,0
CHA,22200551,2023-01-02,115,121,24,47,8,7,0.452,0
LAL,22200551,2023-01-02,121,115,26,53,6,5,0.484,1
CLE,22200552,2023-01-02,145,134,27,47,1,3,0.522,1
CHI,22200552,2023-01-02,134,145,22,42,8,2,0.495,0
IND,22200553,2023-01-02,122,114,24,50,4,2,0.484,1
TOR,22200553,2023-01-02,114,122,26,36,5,11,0.451,0
PHI,22200554,2023-01-02,120,111,26,35,9,6,0.477,1
NOP,22200554,2023-01-02,111,120,26,49,3,6,0.5,0
BKN,22200555,2023-01-02,139,103,31,45,13,7,0.624,1
SAS,22200555,2023-01-02,103,139,26,43,5,4,0.433,0
HOU,22200556,2023-01-02,106,111,21,46,4,4,0.463,0
DAL,22200556,2023-01-02,111,106,19,41,8,6,0.42,1
MIN,22200557,2023-01-02,124,111,29,41,7,4,0.517,1
DEN,22200557,2023-01-02,111,124,27,45,8,1,0.462,0
GSW,22200558,2023-01-02,143,141,34,69,9,6,0.446,1
ATL,22200558,2023-01-02,141,143,30,53,9,10,0.486,0
POR,22200559,2023-01-02,135,106,29,44,16,6,0.571,1
DET,22200559,2023-01-02,106,135,16,45,8,4,0.415,0
LAC,22200560,2023-01-02,100,110,19,34,7,1,0.433,0
MIA,22200560,2023-01-02,110,100,22,48,7,2,0.459,1
MIL,22200561,2023-01-03,123,113,27,49,8,6,0.48,1
WAS,22200561,2023-01-03,113,123,27,46,9,4,0.433,0
OKC,22200562,2023-01-03,150,117,31,44,14,3,0.592,1
BOS,22200562,2023-01-03,117,150,29,38,4,7,0.455,0
UTA,22200563,2023-01-03,115,117,21,44,9,3,0.432,0
SAC,22200563,2023-01-03,117,115,23,40,7,4,0.535,1
CHA,22200564,2023-01-04,107,131,25,44,11,8,0.404,0
MEM,22200564,2023-01-04,131,107,28,59,10,8,0.5,1
CLE,22200565,2023-01-04,90,88,15,46,9,4,0.39,1
PHX,22200565,2023-01-04,88,90,24,49,8,3,0.395,0
ORL,22200566,2023-01-04,126,115,26,49,6,5,0.519,1
OKC,22200566,2023-01-04,115,126,23,33,9,3,0.404,0
PHI,22200567,2023-01-04,129,126,24,46,4,7,0.49,1
IND,22200567,2023-01-04,126,129,31,45,7,8,0.474,0
NYK,22200568,2023-01-04,117,114,16,47,7,6,0.479,1
SAS,22200568,2023-01-04,114,117,25,38,5,3,0.5,0
TOR,22200569,2023-01-04,101,104,22,47,10,4,0.328,0
MIL,22200569,2023-01-04,104,101,26,73,4,4,0.398,1
CHI,22200570,2023-01-04,121,112,21,46,7,7,0.531,1
BKN,22200570,2023-01-04,112,121,24,34,9,7,0.462,0
MIN,22200571,2023-01-04,113,106,25,33,8,6,0.513,1
POR,22200571,2023-01-04,106,113,18,39,8,7,0.44,0
NOP,22200572,2023-01-04,119,108,25,51,6,6,0.461,1
HOU,22200572,2023-01-04,108,119,25,43,10,4,0.443,0
GSW,22200573,2023-01-04,119,122,31,40,3,4,0.517,0
DET,22200573,2023-01-04,122,119,29,41,9,1,0.489,1
LAL,22200574,2023-01-04,112,109,20,42,10,4,0.494,1
MIA,22200574,2023-01-04,109,112,24,43,9,4,0.453,0
SAC,22200575,2023-01-04,117,120,26,42,9,3,0.466,0
ATL,22200575,2023-01-04,120,117,21,44,9,4,0.536,1
ORL,22200576,2023-01-05,115,123,23,39,6,3,0.464,0
MEM,22200576,2023-01-05,123,115,24,49,5,3,0.522,1
DAL,22200577,2023-01-05,95,124,15,42,4,3,0.378,0
BOS,22200577,2023-01-05,124,95,29,52,6,8,0.488,1
HOU,22200578,2023-01-05,114,131,19,49,4,3,0.413,0
UTA,22200578,2023-01-05,131,114,33,42,10,5,0.495,1
DEN,22200579,2023-01-05,122,91,28,57,6,5,0.506,1
LAC,22200579,2023-01-05,91,122,24,41,7,3,0.374,0
IND,22200580,2023-01-06,108,99,22,41,11,6,0.452,1
POR,22200580,2023-01-06,99,108,30,52,5,1,0.404,0
PHI,22200581,2023-01-06,112,126,28,38,6,3,0.435,0
CHI,22200581,2023-01-06,126,112,33,45,3,4,0.571,1
TOR,22200582,2023-01-06,108,112,22,46,7,3,0.422,0
NYK,22200582,2023-01-06,112,108,19,51,3,4,0.47,1
MIL,22200583,2023-01-06,109,138,22,45,5,4,0.44,0
CHA,22200583,2023-01-06,138,109,32,49,11,3,0.52,1
OKC,22200584,2023-01-06,127,110,30,41,9,6,0.51,1
WAS,22200584,2023-01-06,110,127,21,46,6,2,0.481,0
SAS,22200585,2023-01-06,121,109,27,44,8,4,0.556,1
DET,22200585,2023-01-06,109,121,23,37,11,0,0.473,0
NOP,22200586,2023-01-06,102,108,16,51,7,4,0.398,0
BKN,22200586,2023-01-06,108,102,26,43,8,12,0.435,1
MIN,22200587,2023-01-06,128,115,28,45,4,7,0.568,1
LAC,22200587,2023-01-06,115,128,22,40,13,3,0.44,0
DEN,22200588,2023-01-06,121,108,28,49,5,4,0.531,1
CLE,22200588,2023-01-06,108,121,30,40,7,5,0.455,0
PHX,22200589,2023-01-06,96,104,22,44,5,2,0.415,0
MIA,22200589,2023-01-06,104,96,19,37,10,3,0.423,1
LAL,22200590,2023-01-06,130,114,33,51,6,5,0.548,1
ATL,22200590,2023-01-06,114,130,24,39,8,5,0.458,0
SAS,22200591,2023-01-07,116,121,25,51,6,3,0.49,0
BOS,22200591,2023-01-07,121,116,30,43,6,10,0.495,1
CHI,22200592,2023-01-07,126,118,22,44,4,4,0.53,1
UTA,22200592,2023-01-07,118,126,36,39,6,2,0.495,0
DAL,22200593,2023-01-07,127,117,23,39,5,7,0.568,1
NOP,22200593,2023-01-07,117,127,26,44,14,4,0.479,0
GSW,22200594,2023-01-07,101,115,26,49,7,1,0.375,0
ORL,22200594,2023-01-07,115,101,26,44,12,2,0.506,1
SAC,22200595,2023-01-07,134,136,25,34,5,4,0.523,0
LAL,22200595,2023-01-07,136,134,26,38,4,3,0.61,1
DET,22200596,2023-01-08,111,123,25,43,9,2,0.506,0
PHI,22200596,2023-01-08,123,111,24,44,12,5,0.489,1
TOR,22200597,2023-01-08,117,105,26,41,12,8,0.44,1
POR,22200597,2023-01-08,105,117,19,42,5,4,0.447,0
IND,22200598,2023-01-08,116,111,27,41,14,7,0.437,1
CHA,22200598,2023-01-08,111,116,25,49,8,4,0.432,0
MIA,22200599,2023-01-08,101,102,22,41,8,4,0.413,0
BKN,22200599,2023-01-08,102,101,22,40,8,8,0.513,1
MEM,22200600,2023-01-08,123,118,28,39,16,7,0.451,1
UTA,22200600,2023-01-08,118,123,29,46,7,9,0.511,0
HOU,22200601,2023-01-08,96,104,26,41,8,7,0.427,0
MIN,22200601,2023-01-08,104,96,23,44,8,4,0.475,1
OKC,22200602,2023-01-08,120,109,27,48,5,8,0.484,1
DAL,22200602,2023-01-08,109,120,21,39,3,1,0.425,0
PHX,22200603,2023-01-08,98,112,22,36,7,2,0.44,0
CLE,22200603,2023-01-08,112,98,29,39,8,5,0.577,1
LAC,22200604,2023-01-08,108,112,25,59,6,5,0.389,0
ATL,22200604,2023-01-08,112,108,22,43,7,9,0.494,1
WAS,22200605,2023-01-09,112,132,26,37,5,1,0.512,0
NOP,22200605,2023-01-09,132,112,24,44,9,5,0.527,1
BOS,22200606,2023-01-09,107,99,25,50,2,7,0.437,1
CHI,22200606,2023-01-09,99,107,19,42,6,1,0.453,0
NYK,22200607,2023-01-09,107,111,16,48,8,1,0.38,0
MIL,22200607,2023-01-09,111,107,27,48,3,5,0.438,1
MEM,22200608,2023-01-09,121,113,26,50,9,7,0.495,1
SAS,22200608,2023-01-09,113,121,28,42,8,1,0.454,0
DEN,22200609,2023-01-09,122,109,29,55,7,11,0.465,1
LAL,22200609,2023-01-09,109,122,20,44,12,2,0.441,0
SAC,22200610,2023-01-09,136,111,39,48,4,1,0.536,1
ORL,22200610,2023-01-09,111,136,24,41,7,7,0.456,0
MIA,22200611,2023-01-10,112,111,18,41,10,4,0.392,1
OKC,22200611,2023-01-10,111,112,27,44,8,3,0.484,0
PHI,22200612,2023-01-10,147,116,36,55,7,8,0.607,1
DET,22200612,2023-01-10,116,147,23,26,9,5,0.404,0
TOR,22200613,2023-01-10,132,120,32,49,4,4,0.495,1
CHA,22200613,2023-01-10,120,132,33,34,6,4,0.547,0
UTA,22200614,2023-01-10,116,114,21,54,3,3,0.437,1
CLE,22200614,2023-01-10,114,116,18,37,7,7,0.467,0
GSW,22200615,2023-01-10,113,125,24,45,13,2,0.385,0
PHX,22200615,2023-01-10,125,113,26,57,5,7,0.456,1
POR,22200616,2023-01-10,106,109,22,43,10,7,0.483,0
ORL,22200616,2023-01-10,109,106,19,35,10,2,0.513,1
LAC,22200617,2023-01-10,113,101,20,46,7,4,0.453,1
DAL,22200617,2023-01-10,101,113,15,32,5,6,0.435,0
DET,22200618,2023-01-11,135,118,30,38,10,7,0.6,1
MIN,22200618,2023-01-11,118,135,22,36,7,2,0.489,0
WAS,22200619,2023-01-11,100,97,21,52,5,3,0.463,1
CHI,22200619,2023-01-11,97,100,16,39,7,6,0.466,0
ATL,22200620,2023-01-11,105,114,25,41,5,3,0.448,0
MIL,22200620,2023-01-11,114,105,28,57,6,4,0.459,1
BOS,22200621,2023-01-11,125,114,24,50,7,5,0.484,1
NOP,22200621,2023-01-11,114,125,22,33,5,4,0.517,0
NYK,22200622,2023-01-11,119,113,21,50,9,4,0.452,1
IND,22200622,2023-01-11,113,119,27,41,8,5,0.478,0
MEM,22200623,2023-01-11,135,129,19,57,6,8,0.515,1
SAS,22200623,2023-01-11,129,135,33,48,7,11,0.467,0
DEN,22200624,2023-01-11,126,97,30,38,9,4,0.565,1
PHX,22200624,2023-01-11,97,126,28,44,4,2,0.433,0
SAC,22200625,2023-01-11,135,115,28,45,4,4,0.479,1
HOU,22200625,2023-01-11,115,135,30,48,7,3,0.458,0
PHI,22200626,2023-01-12,114,133,30,39,4,3,0.443,0
OKC,22200626,2023-01-12,133,114,28,39,7,6,0.512,1
BKN,22200627,2023-01-12,98,109,26,31,8,9,0.452,0
BOS,22200627,2023-01-12,109,98,23,48,4,6,0.477,1
MIA,22200628,2023-01-12,108,102,22,61,8,1,0.442,1
MIL,22200628,2023-01-12,102,108,20,39,10,2,0.402,0
TOR,22200629,2023-01-12,124,114,30,32,15,4,0.518,1
CHA,22200629,2023-01-12,114,124,27,42,6,5,0.532,0
LAL,22200630,2023-01-12,115,119,24,56,7,4,0.393,0
DAL,22200630,2023-01-12,119,115,25,54,4,9,0.5,1
POR,22200631,2023-01-12,113,119,17,36,6,4,0.513,0
CLE,22200631,2023-01-12,119,113,28,44,6,1,0.494,1
DET,22200632,2023-01-13,110,116,20,42,7,3,0.478,0
NOP,22200632,2023-01-13,116,110,29,48,7,3,0.488,1
IND,22200633,2023-01-13,111,113,24,51,8,9,0.396,0
ATL,22200633,2023-01-13,113,111,26,50,6,9,0.436,1
WAS,22200634,2023-01-13,108,112,18,50,3,4,0.387,0
NYK,22200634,2023-01-13,112,108,15,54,3,6,0.446,1
SAS,22200635,2023-01-13,113,144,26,38,6,3,0.455,0
GSW,22200635,2023-01-13,144,113,33,55,9,6,0.545,1
CHI,22200636,2023-01-13,110,124,30,42,7,5,0.447,0
OKC,22200636,2023-01-13,124,110,22,46,12,6,0.511,1
MIN,22200637,2023-01-13,121,116,24,37,13,3,0.522,1
PHX,22200637,2023-01-13,116,121,28,43,10,3,0.477,0
UTA,22200638,2023-01-13,112,108,15,59,9,11,0.434,1
ORL,22200638,2023-01-13,108,112,23,40,13,3,0.438,0
LAC,22200639,2023-01-13,103,115,20,43,6,3,0.471,0
DEN,22200639,2023-01-13,115,103,24,43,7,4,0.5,1
SAC,22200640,2023-01-13,139,114,34,46,10,8,0.547,1
HOU,22200640,2023-01-13,114,139,23,34,10,4,0.473,0
MIA,22200641,2023-01-14,111,95,17,51,9,3,0.517,1
MIL,22200641,2023-01-14,95,111,26,32,7,2,0.405,0
CHA,22200642,2023-01-14,106,122,21,46,3,2,0.466,0
BOS,22200642,2023-01-14,122,106,35,46,8,4,0.475,1
IND,22200643,2023-01-14,112,130,26,49,5,8,0.369,0
MEM,22200643,2023-01-14,130,112,32,45,11,8,0.552,1
TOR,22200644,2023-01-14,103,114,19,43,9,3,0.414,0
ATL,22200644,2023-01-14,114,103,19,40,6,4,0.512,1
MIN,22200645,2023-01-14,110,102,22,31,10,5,0.563,1
CLE,22200645,2023-01-14,102,110,24,40,5,2,0.487,0
UTA,22200646,2023-01-14,117,118,20,48,5,6,0.478,0
PHI,22200646,2023-01-14,118,117,23,37,5,5,0.449,1
POR,22200647,2023-01-14,136,119,34,47,7,4,0.557,1
DAL,22200647,2023-01-14,119,136,28,25,4,3,0.524,0
DET,22200648,2023-01-15,104,117,23,38,4,4,0.446,0
NYK,22200648,2023-01-15,117,104,17,52,3,6,0.455,1
LAC,22200649,2023-01-15,121,100,21,44,13,6,0.523,1
HOU,22200649,2023-01-15,100,121,22,39,8,6,0.452,0
CHI,22200650,2023-01-15,132,118,29,38,12,1,0.505,1
GSW,22200650,2023-01-15,118,132,35,40,6,4,0.494,0
BKN,22200651,2023-01-15,102,112,24,51,4,7,0.429,0
OKC,22200651,2023-01-15,112,102,21,50,5,7,0.444,1
SAS,22200652,2023-01-15,119,132,27,40,1,3,0.516,0
SAC,22200652,2023-01-15,132,119,24,38,5,2,0.551,1
DEN,22200653,2023-01-15,119,116,32,41,10,5,0.539,1
ORL,22200653,2023-01-15,116,119,24,39,7,2,0.488,0
POR,22200654,2023-01-15,140,123,28,41,3,6,0.506,1
DAL,22200654,2023-01-15,123,140,31,39,3,2,0.461,0
LAL,22200655,2023-01-15,112,113,28,38,4,6,0.552,0
PHI,22200655,2023-01-15,113,112,29,38,3,7,0.506,1
CHA,22200656,2023-01-16,118,130,26,38,7,2,0.456,0
BOS,22200656,2023-01-16,130,118,34,47,1,4,0.494,1
MIL,22200657,2023-01-16,132,119,32,41,9,1,0.527,1
IND,22200657,2023-01-16,119,132,29,37,6,5,0.512,0
CLE,22200658,2023-01-16,113,103,22,43,5,4,0.487,1
NOP,22200658,2023-01-16,103,113,26,28,9,1,0.507,0
NYK,22200659,2023-01-16,121,123,17,54,3,5,0.424,0
TOR,22200659,2023-01-16,123,121,27,42,8,12,0.396,1
WAS,22200660,2023-01-16,118,127,31,36,7,2,0.488,0
GSW,22200660,2023-01-16,127,118,28,43,8,1,0.495,1
ATL,22200661,2023-01-16,121,113,27,28,9,5,0.592,1
MIA,22200661,2023-01-16,113,121,30,41,10,4,0.483,0
MIN,22200662,2023-01-16,125,126,28,41,9,6,0.455,0
UTA,22200662,2023-01-16,126,125,25,50,0,5,0.536,1
MEM,22200663,2023-01-16,136,106,29,51,8,6,0.531,1
PHX,22200663,2023-01-16,106,136,33,37,4,4,0.438,0
LAL,22200664,2023-01-16,140,132,23,39,4,5,0.538,1
HOU,22200664,2023-01-16,132,140,28,48,0,7,0.49,0
MIL,22200665,2023-01-17,130,122,24,42,5,5,0.535,1
TOR,22200665,2023-01-17,122,130,20,50,7,5,0.455,0
SAS,22200666,2023-01-17,106,98,23,54,12,4,0.381,1
BKN,22200666,2023-01-17,98,106,22,49,10,8,0.42,0
DEN,22200667,2023-01-17,122,113,32,42,8,6,0.5,1
POR,22200667,2023-01-17,113,122,21,35,3,4,0.458,0
LAC,22200668,2023-01-17,110,120,20,33,4,5,0.5,0
PHI,22200668,2023-01-17,120,110,25,33,12,4,0.534,1
NYK,22200669,2023-01-18,105,116,14,49,9,4,0.417,0
WAS,22200669,2023-01-18,116,105,28,52,5,9,0.442,1
DAL,22200670,2023-01-18,122,130,26,31,5,3,0.524,0
ATL,22200670,2023-01-18,130,122,28,35,7,4,0.57,1
HOU,22200671,2023-01-18,117,122,21,47,4,5,0.505,0
CHA,22200671,2023-01-18,122,117,27,37,14,10,0.5,1
MEM,22200672,2023-01-18,115,114,22,42,10,7,0.454,1
CLE,22200672,2023-01-18,114,115,29,47,4,7,0.512,0
NOP,22200673,2023-01-18,98,124,27,38,5,3,0.463,0
MIA,22200673,2023-01-18,124,98,37,43,11,2,0.532,1
OKC,22200674,2023-01-18,126,106,41,42,12,7,0.505,1
IND,22200674,2023-01-18,106,126,23,48,9,10,0.415,0
UTA,22200675,2023-01-18,126,103,26,44,4,7,0.517,1
LAC,22200675,2023-01-18,103,126,23,50,1,6,0.402,0
DEN,22200676,2023-01-18,122,118,27,34,10,2,0.529,1
MIN,22200676,2023-01-18,118,122,26,36,6,10,0.519,0
LAL,22200677,2023-01-18,111,116,26,36,9,3,0.483,0
SAC,22200677,2023-01-18,116,111,23,47,3,5,0.494,1
DET,22200678,2023-01-19,108,126,25,49,7,3,0.402,0
CHI,22200678,2023-01-19,126,108,23,48,11,8,0.543,1
BOS,22200679,2023-01-19,121,118,21,63,10,5,0.398,1
GSW,22200679,2023-01-19,118,121,28,47,10,7,0.4,0
MIN,22200680,2023-01-19,128,126,31,37,12,5,0.506,1
TOR,22200680,2023-01-19,126,128,26,38,8,6,0.529,0
PHX,22200681,2023-01-19,117,112,30,49,4,3,0.459,1
BKN,22200681,2023-01-19,112,117,27,34,10,6,0.524,0
POR,22200682,2023-01-19,95,105,19,44,4,3,0.376,0
PHI,22200682,2023-01-19,105,95,24,43,8,8,0.506,1
ORL,22200683,2023-01-20,123,110,28,42,2,5,0.52,1
NOP,22200683,2023-01-20,110,123,29,39,9,5,0.451,0
ATL,22200684,2023-01-20,139,124,27,39,6,4,0.56,1
NYK,22200684,2023-01-20,124,139,27,34,5,3,0.59,0
CLE,22200685,2023-01-20,114,120,24,35,7,8,0.5,0
GSW,22200685,2023-01-20,120,114,25,45,9,4,0.488,1
DAL,22200686,2023-01-20,115,90,21,37,7,1,0.463,1
MIA,22200686,2023-01-20,90,115,15,39,3,1,0.478,0
SAS,22200687,2023-01-20,126,131,34,34,3,1,0.573,0
LAC,22200687,2023-01-20,131,126,31,32,4,2,0.63,1
DEN,22200688,2023-01-20,134,111,38,38,16,4,0.614,1
IND,22200688,2023-01-20,111,134,23,39,7,2,0.44,0
UTA,22200689,2023-01-20,106,117,24,46,6,1,0.42,0
BKN,22200689,2023-01-20,117,106,26,42,7,6,0.537,1
LAL,22200690,2023-01-20,122,121,24,47,7,7,0.409,1
MEM,22200690,2023-01-20,121,122,24,63,6,7,0.422,0
SAC,22200691,2023-01-20,118,113,25,53,1,2,0.471,1
OKC,22200691,2023-01-20,113,118,21,36,4,1,0.484,0
TOR,22200692,2023-01-21,104,106,24,41,7,9,0.535,0
BOS,22200692,2023-01-21,106,104,25,41,9,8,0.447,1
WAS,22200693,2023-01-21,138,118,34,46,6,5,0.537,1
ORL,22200693,2023-01-21,118,138,24,41,3,10,0.467,0
ATL,22200694,2023-01-21,118,122,24,40,5,4,0.542,0
CHA,22200694,2023-01-21,122,118,28,36,11,2,0.506,1
CLE,22200695,2023-01-21,114,102,33,41,9,3,0.558,1
MIL,22200695,2023-01-21,102,114,24,36,3,6,0.453,0
MIN,22200696,2023-01-21,113,104,20,30,12,9,0.458,1
HOU,22200696,2023-01-21,104,113,24,56,4,6,0.481,0
PHX,22200697,2023-01-21,112,107,27,55,9,8,0.418,1
IND,22200697,2023-01-21,107,112,22,48,10,4,0.375,0
SAC,22200698,2023-01-21,127,129,28,29,6,5,0.548,0
PHI,22200698,2023-01-21,129,127,27,46,4,3,0.527,1
MIA,22200699,2023-01-22,100,96,17,42,16,1,0.438,1
NOP,22200699,2023-01-22,96,100,24,41,17,4,0.474,0
TOR,22200700,2023-01-22,125,116,21,45,12,4,0.456,1
NYK,22200700,2023-01-22,116,125,30,47,4,4,0.488,0
DAL,22200701,2023-01-22,98,112,15,38,3,3,0.438,0
LAC,22200701,2023-01-22,112,98,20,46,6,3,0.455,1
DEN,22200702,2023-01-22,99,101,22,42,7,5,0.439,0
OKC,22200702,2023-01-22,101,99,21,50,4,5,0.449,1
PHX,22200703,2023-01-22,112,110,25,40,10,5,0.443,1
MEM,22200703,2023-01-22,110,112,28,52,8,4,0.435,0
GSW,22200704,2023-01-22,116,120,28,42,10,2,0.456,0
BKN,22200704,2023-01-22,120,116,30,42,4,7,0.544,1
POR,22200705,2023-01-22,112,121,24,38,5,7,0.43,0
LAL,22200705,2023-01-22,121,112,23,51,5,5,0.523,1
DET,22200706,2023-01-23,130,150,26,41,10,3,0.494,0
MIL,22200706,2023-01-23,150,130,38,50,11,6,0.561,1
ORL,22200707,2023-01-23,113,98,22,40,10,3,0.512,1
BOS,22200707,2023-01-23,98,113,24,37,5,4,0.434,0
CHI,22200708,2023-01-23,111,100,28,47,13,3,0.463,1
ATL,22200708,2023-01-23,100,111,24,43,6,4,0.459,0
HOU,22200709,2023-01-23,119,114,24,47,11,5,0.5,1
MIN,22200709,2023-01-23,114,119,19,41,8,7,0.451,0
UTA,22200710,2023-01-23,120,102,25,46,8,4,0.477,1
CHA,22200710,2023-01-23,102,120,22,42,8,7,0.447,0
POR,22200711,2023-01-23,147,127,34,36,11,4,0.598,1
SAS,22200711,2023-01-23,127,147,30,40,7,4,0.522,0
SAC,22200712,2023-01-23,133,100,37,53,10,5,0.557,1
MEM,22200712,2023-01-23,100,133,28,31,14,3,0.408,0
IND,22200713,2023-01-24,116,110,24,45,9,10,0.424,1
CHI,22200713,2023-01-24,110,116,19,45,5,5,0.489,0
MIA,22200714,2023-01-24,98,95,21,51,7,2,0.362,1
BOS,22200714,2023-01-24,95,98,21,44,5,6,0.432,0
NYK,22200715,2023-01-24,105,103,25,42,4,3,0.493,1
CLE,22200715,2023-01-24,103,105,29,41,8,4,0.46,0
NOP,22200716,2023-01-24,98,99,18,43,5,3,0.447,0
DEN,22200716,2023-01-24,99,98,27,34,8,5,0.487,1
DAL,22200717,2023-01-24,126,127,24,38,6,2,0.528,0
WAS,22200717,2023-01-24,127,126,28,41,7,3,0.506,1
PHX,22200718,2023-01-24,128,97,38,55,3,10,0.5,1
CHA,22200718,2023-01-24,97,128,19,40,10,5,0.406,0
LAL,22200719,2023-01-24,115,133,21,32,8,4,0.442,0
LAC,22200719,2023-01-24,133,115,25,47,4,9,0.607,1
ORL,22200720,2023-01-25,126,120,34,34,8,7,0.561,1
IND,22200720,2023-01-25,120,126,25,32,14,5,0.482,0
PHI,22200721,2023-01-25,137,133,26,36,10,4,0.512,1
BKN,22200721,2023-01-25,133,137,29,31,3,4,0.645,0
HOU,22200722,2023-01-25,103,108,29,57,5,10,0.433,0
WAS,22200722,2023-01-25,108,103,27,48,13,7,0.398,1
MIL,22200723,2023-01-25,107,99,16,49,11,7,0.474,1
DEN,22200723,2023-01-25,99,107,21,51,9,5,0.392,0
NOP,22200724,2023-01-25,102,111,25,42,4,7,0.435,0
MIN,22200724,2023-01-25,111,102,23,36,8,5,0.488,1
OKC,22200725,2023-01-25,132,137,31,37,12,2,0.52,0
ATL,22200725,2023-01-25,137,132,26,46,5,6,0.595,1
GSW,22200726,2023-01-25,122,120,33,44,7,5,0.506,1
MEM,22200726,2023-01-25,120,122,26,36,10,3,0.477,0
POR,22200727,2023-01-25,134,124,26,41,9,4,0.573,1
UTA,22200727,2023-01-25,124,134,32,35,5,5,0.522,0
SAC,22200728,2023-01-25,95,113,29,34,6,2,0.479,0
TOR,22200728,2023-01-25,113,95,28,41,12,8,0.495,1
LAL,22200729,2023-01-25,113,104,25,56,12,9,0.444,1
SAS,22200729,2023-01-25,104,113,22,48,11,2,0.377,0
BOS,22200730,2023-01-26,117,120,22,54,4,4,0.41,0
NYK,22200730,2023-01-26,120,117,17,50,5,5,0.458,1
BKN,22200731,2023-01-26,122,130,24,40,5,6,0.457,0
DET,22200731,2023-01-26,130,122,27,48,12,5,0.505,1
CHA,22200732,2023-01-26,111,96,24,52,8,5,0.464,1
CHI,22200732,2023-01-26,96,111,16,43,8,2,0.407,0
HOU,22200733,2023-01-26,95,113,24,46,5,6,0.513,0
CLE,22200733,2023-01-26,113,95,29,36,12,4,0.46,1
PHX,22200734,2023-01-26,95,99,24,50,4,6,0.407,0
DAL,22200734,2023-01-26,99,95,20,43,3,3,0.429,1
LAC,22200735,2023-01-26,138,100,26,37,9,9,0.584,1
SAS,22200735,2023-01-26,100,138,24,42,2,1,0.451,0
IND,22200736,2023-01-27,131,141,22,38,10,4,0.551,0
MIL,22200736,2023-01-27,141,131,32,50,11,3,0.531,1
MIN,22200737,2023-01-27,111,100,31,45,12,6,0.512,1
MEM,22200737,2023-01-27,100,111,22,47,14,2,0.409,0
MIA,22200738,2023-01-27,110,105,28,37,9,3,0.459,1
ORL,22200738,2023-01-27,105,110,21,40,5,3,0.478,0
OKC,22200739,2023-01-27,112,100,19,46,5,2,0.526,1
CLE,22200739,2023-01-27,100,112,27,37,9,5,0.443,0
GSW,22200740,2023-01-27,129,117,40,43,5,1,0.556,1
TOR,22200740,2023-01-27,117,129,24,46,5,4,0.455,0
PHI,22200741,2023-01-28,126,119,31,39,10,2,0.517,1
DEN,22200741,2023-01-28,119,126,28,36,6,6,0.543,0
BKN,22200742,2023-01-28,122,115,31,35,5,3,0.529,1
NYK,22200742,2023-01-28,115,122,19,45,4,4,0.511,0
DET,22200743,2023-01-28,114,117,23,35,10,5,0.458,0
HOU,22200743,2023-01-28,117,114,20,48,8,4,0.478,1
ORL,22200744,2023-01-28,109,128,29,36,5,0,0.494,0
CHI,22200744,2023-01-28,128,109,30,38,5,6,0.593,1
ATL,22200745,2023-01-28,113,120,24,47,12,2,0.474,0
LAC,22200745,2023-01-28,120,113,25,37,5,5,0.525,1
MIN,22200746,2023-01-28,117,110,25,44,5,2,0.525,1
SAC,22200746,2023-01-28,110,117,23,36,5,0,0.451,0
NOP,22200747,2023-01-28,103,113,21,42,9,8,0.424,0
WAS,22200747,2023-01-28,113,103,18,53,5,8,0.455,1
SAS,22200748,2023-01-28,118,128,32,53,6,4,0.44,0
PHX,22200748,2023-01-28,128,118,31,52,7,6,0.485,1
BOS,22200749,2023-01-28,125,121,18,46,8,9,0.464,1
LAL,22200749,2023-01-28,121,125,30,47,4,0,0.448,0
UTA,22200750,2023-01-28,108,100,26,49,9,6,0.476,1
DAL,22200750,2023-01-28,100,108,26,31,7,3,0.438,0
POR,22200751,2023-01-28,105,123,18,27,3,6,0.526,0
TOR,22200751,2023-01-28,123,105,24,45,6,3,0.522,1
CHA,22200752,2023-01-29,122,117,25,47,6,3,0.542,1
MIA,22200752,2023-01-29,117,122,26,36,11,0,0.484,0
MEM,22200753,2023-01-29,112,100,29,41,10,8,0.483,1
IND,22200753,2023-01-29,100,112,21,38,4,6,0.456,0
CLE,22200754,2023-01-29,122,99,35,35,9,7,0.564,1
LAC,22200754,2023-01-29,99,122,17,45,6,0,0.416,0
MIL,22200755,2023-01-29,135,110,27,57,7,4,0.552,1
NOP,22200755,2023-01-29,110,135,25,38,7,3,0.441,0
PHI,22200756,2023-01-30,109,119,28,45,8,3,0.471,0
ORL,22200756,2023-01-30,119,109,23,50,11,6,0.424,1
BKN,22200757,2023-01-30,121,104,24,50,8,9,0.474,1
LAL,22200757,2023-01-30,104,121,24,53,1,3,0.393,0
MIN,22200758,2023-01-30,111,118,26,49,7,3,0.467,0
SAC,22200758,2023-01-30,118,111,20,50,15,3,0.475,1
OKC,22200759,2023-01-30,120,128,23,43,10,4,0.495,0
GSW,22200759,2023-01-30,128,120,37,44,9,4,0.511,1
SAS,22200760,2023-01-30,106,127,26,43,6,6,0.433,0
WAS,22200760,2023-01-30,127,106,32,45,7,8,0.558,1
DAL,22200761,2023-01-30,111,105,17,40,6,1,0.494,1
DET,22200761,2023-01-30,105,111,18,40,9,6,0.456,0
PHX,22200762,2023-01-30,114,106,28,42,10,4,0.494,1
TOR,22200762,2023-01-30,106,114,19,44,9,4,0.449,0
POR,22200763,2023-01-30,129,125,24,32,2,7,0.544,1
ATL,22200763,2023-01-30,125,129,26,45,5,0,0.468,0
CLE,22200764,2023-01-31,97,100,32,39,9,6,0.482,0
MIA,22200764,2023-01-31,100,97,21,45,7,3,0.436,1
NYK,22200765,2023-01-31,123,129,27,45,6,3,0.449,0
LAL,22200765,2023-01-31,129,123,29,44,6,1,0.516,1
CHI,22200766,2023-01-31,103,108,26,51,6,6,0.494,0
LAC,22200766,2023-01-31,108,103,24,44,15,6,0.398,1
MIL,22200767,2023-01-31,124,115,18,66,7,8,0.41,1
CHA,22200767,2023-01-31,115,124,27,62,6,6,0.378,0
DEN,22200768,2023-01-31,122,113,33,44,7,3,0.494,1
NOP,22200768,2023-01-31,113,122,28,36,13,2,0.494,0
DET,22200769,2023-03-07,117,119,29,30,6,3,0.512,0
WAS,22200769,2023-03-07,119,117,27,37,9,5,0.58,1
PHI,22200770,2023-02-01,105,94,27,43,7,4,0.436,1
ORL,22200770,2023-02-01,94,105,12,46,10,4,0.379,0
MEM,22200771,2023-02-01,112,122,28,44,8,7,0.471,0
POR,22200771,2023-02-01,122,112,24,41,3,5,0.471,1
BOS,22200772,2023-02-01,139,96,28,57,4,4,0.576,1
BKN,22200772,2023-02-01,96,139,19,32,8,1,0.409,0
HOU,22200773,2023-02-01,112,106,20,65,6,12,0.436,1
OKC,22200773,2023-02-01,106,112,22,52,11,6,0.369,0
MIN,22200774,2023-02-01,119,114,26,53,5,7,0.434,1
GSW,22200774,2023-02-01,114,119,21,58,7,4,0.418,0
SAS,22200775,2023-02-01,109,119,30,40,5,1,0.545,0
SAC,22200775,2023-02-01,119,109,25,34,10,3,0.533,1
UTA,22200776,2023-02-01,131,128,29,49,3,11,0.53,1
TOR,22200776,2023-02-01,128,131,27,52,11,2,0.455,0
PHX,22200777,2023-02-01,100,132,22,44,8,4,0.407,0
ATL,22200777,2023-02-01,132,100,32,45,6,5,0.571,1
IND,22200778,2023-02-02,111,112,30,46,8,6,0.484,0
LAL,22200778,2023-02-02,112,111,29,51,8,5,0.457,1
CLE,22200779,2023-02-02,128,113,33,41,12,7,0.538,1
MEM,22200779,2023-02-02,113,128,22,44,8,5,0.471,0
NYK,22200780,2023-02-02,106,104,25,44,8,0,0.482,1
MIA,22200780,2023-02-02,104,106,24,33,8,3,0.448,0
CHI,22200781,2023-02-02,114,98,24,40,9,3,0.519,1
CHA,22200781,2023-02-02,98,114,19,45,6,4,0.419,0
DAL,22200782,2023-02-02,111,106,16,36,10,3,0.435,1
NOP,22200782,2023-02-02,106,111,27,50,6,5,0.5,0
DEN,22200783,2023-02-02,134,117,35,38,10,2,0.567,1
GSW,22200783,2023-02-02,117,134,25,42,4,4,0.506,0
MIL,22200784,2023-02-02,106,105,16,53,2,0,0.433,1
LAC,22200784,2023-02-02,105,106,15,49,8,4,0.411,0
DET,22200785,2023-02-03,118,112,27,51,7,3,0.512,1
CHA,22200785,2023-02-03,112,118,22,37,16,2,0.444,0
IND,22200786,2023-02-03,107,104,28,47,13,5,0.449,1
SAC,22200786,2023-02-03,104,107,24,49,6,5,0.43,0
WAS,22200787,2023-02-03,116,124,27,41,4,3,0.5,0
POR,22200787,2023-02-03,124,116,25,38,5,2,0.489,1
BOS,22200788,2023-02-03,94,106,18,43,5,3,0.387,0
PHX,22200788,2023-02-03,106,94,28,53,6,6,0.432,1
HOU,22200789,2023-02-03,111,117,22,40,5,4,0.5,0
TOR,22200789,2023-02-03,117,111,21,43,9,7,0.456,1
MIN,22200790,2023-02-03,120,127,21,41,7,7,0.46,0
ORL,22200790,2023-02-03,127,120,23,42,11,3,0.529,1
SAS,22200791,2023-02-03,125,137,32,35,8,0,0.584,0
PHI,22200791,2023-02-03,137,125,28,39,11,3,0.529,1
UTA,22200792,2023-02-03,108,115,20,50,4,2,0.451,0
ATL,22200792,2023-02-03,115,108,28,52,8,5,0.463,1
BKN,22200793,2023-02-04,125,123,21,39,4,10,0.5,1
WAS,22200793,2023-02-04,123,125,22,39,10,3,0.481,0
DET,22200794,2023-02-04,100,116,23,30,8,2,0.432,0
PHX,22200794,2023-02-04,116,100,34,46,10,2,0.56,1
NYK,22200795,2023-02-04,128,134,30,46,6,3,0.479,0
LAC,22200795,2023-02-04,134,128,24,46,8,4,0.478,1
CHI,22200796,2023-02-04,129,121,32,41,6,3,0.6,1
POR,22200796,2023-02-04,121,129,22,33,3,3,0.506,0
MIL,22200797,2023-02-04,123,115,23,51,6,4,0.523,1
MIA,22200797,2023-02-04,115,123,23,44,9,2,0.446,0
NOP,22200798,2023-02-04,131,126,28,48,6,0,0.52,1
LAL,22200798,2023-02-04,126,131,30,44,4,3,0.479,0
OKC,22200799,2023-02-04,153,121,39,42,11,6,0.577,1
HOU,22200799,2023-02-04,121,153,29,34,4,8,0.506,0
GSW,22200800,2023-02-04,119,113,33,38,6,5,0.549,1
DAL,22200800,2023-02-04,113,119,22,39,9,1,0.459,0
DEN,22200801,2023-02-04,128,108,32,48,14,6,0.505,1
ATL,22200801,2023-02-04,108,128,26,43,7,7,0.484,0
CHA,22200802,2023-02-05,113,119,28,39,8,6,0.542,0
ORL,22200802,2023-02-05,119,113,25,52,6,2,0.462,1
IND,22200803,2023-02-05,103,122,28,42,3,6,0.435,0
CLE,22200803,2023-02-05,122,103,33,46,7,5,0.523,1
NYK,22200804,2023-02-05,108,97,21,49,5,1,0.43,1
PHI,22200804,2023-02-05,97,108,23,44,4,4,0.405,0
MEM,22200805,2023-02-05,103,106,25,44,10,9,0.487,0
TOR,22200805,2023-02-05,106,103,24,42,11,3,0.436,1
MIN,22200806,2023-02-05,128,98,33,34,7,3,0.552,1
DEN,22200806,2023-02-05,98,128,19,37,6,5,0.479,0
NOP,22200807,2023-02-05,136,104,26,48,11,3,0.565,1
SAC,22200807,2023-02-05,104,136,23,38,5,5,0.427,0
DET,22200808,2023-02-06,99,111,22,42,9,6,0.425,0
BOS,22200808,2023-02-06,111,99,25,51,2,5,0.47,1
WAS,22200809,2023-02-06,91,114,20,37,8,5,0.427,0
CLE,22200809,2023-02-06,114,91,26,43,9,6,0.564,1
BKN,22200810,2023-02-06,116,124,21,42,4,5,0.488,0
LAC,22200810,2023-02-06,124,116,20,46,11,5,0.478,1
CHI,22200811,2023-02-06,128,104,27,49,10,6,0.562,1
SAS,22200811,2023-02-06,104,128,25,38,7,3,0.444,0
HOU,22200812,2023-02-06,120,140,27,39,5,4,0.5,0
SAC,22200812,2023-02-06,140,120,38,35,9,5,0.584,1
UTA,22200813,2023-02-06,111,124,21,37,4,4,0.471,0
DAL,22200813,2023-02-06,124,111,26,49,6,4,0.466,1
GSW,22200814,2023-02-06,141,114,43,45,6,3,0.577,1
OKC,22200814,2023-02-06,114,141,21,36,8,3,0.484,0
POR,22200815,2023-02-06,108,127,23,28,5,2,0.407,0
MIL,22200815,2023-02-06,127,108,27,55,4,2,0.54,1
ORL,22200816,2023-02-07,98,102,23,41,4,4,0.468,0
NYK,22200816,2023-02-07,102,98,21,43,6,2,0.457,1
BKN,22200817,2023-02-07,112,116,25,36,11,2,0.481,0
PHX,22200817,2023-02-07,116,112,31,48,10,4,0.467,1
NOP,22200818,2023-02-07,116,107,28,47,8,2,0.495,1
ATL,22200818,2023-02-07,107,116,30,41,4,6,0.447,0
MEM,22200819,2023-02-07,104,89,22,39,10,7,0.481,1
CHI,22200819,2023-02-07,89,104,24,49,9,3,0.368,0
DEN,22200820,2023-02-07,146,112,44,44,12,5,0.624,1
MIN,22200820,2023-02-07,112,146,24,36,6,7,0.471,0
LAL,22200821,2023-02-07,130,133,27,41,8,3,0.576,0
OKC,22200821,2023-02-07,133,130,32,37,12,2,0.521,1
CLE,22200822,2023-02-08,113,85,30,50,8,4,0.494,1
DET,22200822,2023-02-08,85,113,19,32,8,6,0.37,0
WAS,22200823,2023-02-08,118,104,29,52,4,12,0.506,1
CHA,22200823,2023-02-08,104,118,23,40,11,5,0.419,0
BOS,22200824,2023-02-08,106,99,25,44,2,5,0.526,1
PHI,22200824,2023-02-08,99,106,20,37,9,3,0.446,0
MIA,22200825,2023-02-08,116,111,21,48,7,3,0.468,1
IND,22200825,2023-02-08,111,116,24,31,3,5,0.487,0
TOR,22200826,2023-02-08,112,98,21,51,11,7,0.489,1
SAS,22200826,2023-02-08,98,112,24,39,11,4,0.402,0
HOU,22200827,2023-02-08,128,130,25,44,4,7,0.547,0
SAC,22200827,2023-02-08,130,128,29,31,10,4,0.5,1
UTA,22200828,2023-02-08,118,143,27,50,2,5,0.419,0
MIN,22200828,2023-02-08,143,118,35,47,6,6,0.571,1
LAC,22200829,2023-02-08,104,110,21,40,10,4,0.442,0
DAL,22200829,2023-02-08,110,104,26,44,7,6,0.526,1
POR,22200830,2023-02-08,125,122,25,47,6,3,0.551,1
GSW,22200830,2023-02-08,122,125,31,32,11,2,0.474,0
ORL,22200831,2023-02-09,115,104,24,47,12,6,0.485,1
DEN,22200831,2023-02-09,104,115,24,39,6,5,0.464,0
ATL,22200832,2023-02-09,116,107,23,59,6,4,0.453,1
PHX,22200832,2023-02-09,107,116,24,35,14,10,0.453,0
BKN,22200833,2023-02-09,116,105,26,49,8,1,0.429,1
CHI,22200833,2023-02-09,105,116,15,46,4,2,0.462,0
LAL,22200834,2023-02-09,106,115,23,43,2,2,0.472,0
MIL,22200834,2023-02-09,115,106,24,51,5,7,0.455,1
DET,22200835,2023-02-10,138,131,29,62,6,5,0.43,1
SAS,22200835,2023-02-10,131,138,21,51,7,3,0.421,0
IND,22200836,2023-02-10,104,117,23,38,9,3,0.424,0
PHX,22200836,2023-02-10,117,104,25,53,13,2,0.462,1
PHI,22200837,2023-02-10,119,108,27,40,8,2,0.524,1
NYK,22200837,2023-02-10,108,119,23,35,1,5,0.531,0
BOS,22200838,2023-02-10,127,116,34,43,7,7,0.494,1
CHA,22200838,2023-02-10,116,127,26,47,9,6,0.484,0
TOR,22200839,2023-02-10,116,122,28,40,11,3,0.451,0
UTA,22200839,2023-02-10,122,116,31,46,6,6,0.54,1
MIA,22200840,2023-02-10,97,95,21,40,11,6,0.416,1
HOU,22200840,2023-02-10,95,97,23,47,11,4,0.417,0
MEM,22200841,2023-02-10,128,107,27,44,12,6,0.583,1
MIN,22200841,2023-02-10,107,128,25,35,7,4,0.466,0
NOP,22200842,2023-02-10,107,118,25,34,8,3,0.476,0
CLE,22200842,2023-02-10,118,107,28,41,9,5,0.565,1
POR,22200843,2023-02-10,129,138,29,32,3,5,0.553,0
OKC,22200843,2023-02-10,138,129,29,29,9,3,0.566,1
SAC,22200844,2023-02-10,114,122,21,38,2,4,0.542,0
DAL,22200844,2023-02-10,122,114,34,39,4,0,0.489,1
LAC,22200845,2023-02-10,106,119,17,35,5,7,0.494,0
MIL,22200845,2023-02-10,119,106,28,49,8,4,0.5,1
BKN,22200846,2023-02-11,98,101,23,42,7,6,0.402,0
PHI,22200846,2023-02-11,101,98,17,41,4,3,0.44,1
CHA,22200847,2023-02-11,105,119,25,37,11,8,0.471,0
DEN,22200847,2023-02-11,119,105,35,51,7,5,0.505,1
ORL,22200848,2023-02-11,103,107,22,44,12,5,0.425,0
MIA,22200848,2023-02-11,107,103,24,46,7,6,0.435,1
WAS,22200849,2023-02-11,127,113,32,40,5,7,0.64,1
IND,22200849,2023-02-11,113,127,27,33,8,3,0.453,0
ATL,22200850,2023-02-11,125,106,29,48,9,6,0.485,1
SAS,22200850,2023-02-11,106,125,25,49,9,5,0.426,0
NYK,22200851,2023-02-11,126,120,18,52,6,4,0.453,1
UTA,22200851,2023-02-11,120,126,23,38,3,7,0.511,0
CLE,22200852,2023-02-11,97,89,26,39,9,4,0.419,1
CHI,22200852,2023-02-11,89,97,27,44,7,3,0.486,0
GSW,22200853,2023-02-11,103,109,31,43,11,6,0.417,0
LAL,22200853,2023-02-11,109,103,19,52,4,4,0.449,1
SAC,22200854,2023-02-11,133,128,22,50,9,0,0.51,1
DAL,22200854,2023-02-11,128,133,27,43,4,4,0.516,0
BOS,22200855,2023-02-12,119,109,28,55,5,3,0.443,1
MEM,22200855,2023-02-12,109,119,24,34,4,5,0.5,0
TOR,22200856,2023-02-12,119,118,21,40,5,8,0.483,1
DET,22200856,2023-02-12,118,119,25,32,3,4,0.506,0
CHA,22200857,2023-02-13,144,138,36,35,5,5,0.631,1
ATL,22200857,2023-02-13,138,144,26,42,9,4,0.491,0
CLE,22200858,2023-02-13,117,109,21,36,8,6,0.564,1
SAS,22200858,2023-02-13,109,117,27,35,10,1,0.506,0
IND,22200859,2023-02-13,117,123,30,32,11,7,0.505,0
UTA,22200859,2023-02-13,123,117,24,46,5,3,0.506,1
PHI,22200860,2023-02-13,123,104,26,38,11,7,0.561,1
HOU,22200860,2023-02-13,104,123,17,42,10,2,0.407,0
MIA,22200861,2023-02-13,108,112,25,34,9,4,0.438,0
DEN,22200861,2023-02-13,112,108,34,39,3,4,0.579,1
NYK,22200862,2023-02-13,124,106,18,38,4,3,0.549,1
BKN,22200862,2023-02-13,106,124,18,39,3,3,0.449,0
CHI,22200863,2023-02-13,91,100,17,44,8,3,0.407,0
ORL,22200863,2023-02-13,100,91,24,42,8,6,0.469,1
OKC,22200864,2023-02-13,100,103,20,43,8,3,0.422,0
NOP,22200864,2023-02-13,103,100,19,33,13,8,0.527,1
DAL,22200865,2023-02-13,121,124,21,33,5,1,0.512,0
MIN,22200865,2023-02-13,124,121,28,39,8,2,0.578,1
GSW,22200866,2023-02-13,135,126,40,34,10,0,0.584,1
WAS,22200866,2023-02-13,126,135,26,33,10,3,0.6,0
POR,22200867,2023-02-13,127,115,27,42,7,9,0.474,1
LAL,22200867,2023-02-13,115,127,24,56,6,5,0.442,0
TOR,22200868,2023-02-14,123,113,31,40,9,11,0.602,1
ORL,22200868,2023-02-14,113,123,26,29,6,2,0.512,0
MIL,22200869,2023-02-14,131,125,29,52,6,3,0.478,1
BOS,22200869,2023-02-14,125,131,28,44,8,1,0.465,0
PHX,22200870,2023-02-14,120,109,33,37,12,4,0.568,1
SAC,22200870,2023-02-14,109,120,23,40,8,4,0.446,0
LAC,22200871,2023-02-14,134,124,33,36,5,4,0.533,1
GSW,22200871,2023-02-14,124,134,28,36,2,1,0.542,0
POR,22200872,2023-02-14,101,126,20,37,9,5,0.419,0
WAS,22200872,2023-02-14,126,101,28,44,5,2,0.57,1
CHA,22200873,2023-02-15,120,110,26,58,8,12,0.448,1
SAS,22200873,2023-02-15,110,120,24,58,7,6,0.383,0
IND,22200874,2023-02-15,117,113,27,41,6,5,0.476,1
CHI,22200874,2023-02-15,113,117,23,38,10,6,0.488,0
PHI,22200875,2023-02-15,118,112,24,38,7,4,0.5,1
CLE,22200875,2023-02-15,112,118,23,35,7,5,0.5,0
ATL,22200876,2023-02-15,101,122,25,40,6,7,0.412,0
NYK,22200876,2023-02-15,122,101,16,55,2,4,0.469,1
BOS,22200877,2023-02-15,127,109,30,43,10,5,0.533,1
DET,22200877,2023-02-15,109,127,24,35,6,4,0.512,0
BKN,22200878,2023-02-15,116,105,26,36,3,5,0.532,1
MIA,22200878,2023-02-15,105,116,19,41,4,3,0.458,0
MEM,22200879,2023-02-15,117,111,24,46,13,9,0.402,1
UTA,22200879,2023-02-15,111,117,24,61,2,8,0.462,0
OKC,22200880,2023-02-15,133,96,21,49,8,4,0.483,1
HOU,22200880,2023-02-15,96,133,20,47,5,7,0.337,0
DEN,22200881,2023-02-15,118,109,34,43,7,5,0.571,1
DAL,22200881,2023-02-15,109,118,25,31,8,3,0.464,0
LAL,22200882,2023-02-15,120,102,32,43,5,8,0.53,1
NOP,22200882,2023-02-15,102,120,24,50,5,3,0.438,0
CHI,22200883,2023-02-16,100,112,19,51,4,2,0.381,0
MIL,22200883,2023-02-16,112,100,24,52,4,7,0.455,1
MIN,22200884,2023-02-16,106,114,21,53,8,5,0.411,0
WAS,22200884,2023-02-16,114,106,25,49,13,6,0.453,1
PHX,22200885,2023-02-16,107,116,30,38,10,2,0.472,0
LAC,22200885,2023-02-16,116,107,29,43,8,2,0.488,1
CLE,22200886,2023-02-23,109,115,24,41,10,2,0.478,0
DEN,22200886,2023-02-23,115,109,30,47,7,4,0.464,1
IND,22200887,2023-02-23,138,142,33,37,10,5,0.521,0
BOS,22200887,2023-02-23,142,138,31,51,7,6,0.515,1
ORL,22200888,2023-02-23,108,106,27,46,7,6,0.411,1
DET,22200888,2023-02-23,106,108,22,45,5,7,0.457,0
PHI,22200889,2023-02-23,110,105,25,43,3,10,0.405,1
MEM,22200889,2023-02-23,105,110,22,49,5,7,0.391,0
TOR,22200890,2023-02-23,115,110,17,48,10,5,0.467,1
NOP,22200890,2023-02-23,110,115,23,43,6,2,0.464,0
DAL,22200891,2023-02-23,142,116,27,36,10,5,0.561,1
SAS,22200891,2023-02-23,116,142,30,45,4,1,0.523,0
UTA,22200892,2023-02-23,120,119,26,58,8,10,0.42,1
OKC,22200892,2023-02-23,119,120,23,54,8,3,0.402,0
LAL,22200893,2023-02-23,124,111,30,58,8,3,0.488,1
GSW,22200893,2023-02-23,111,124,24,48,10,3,0.381,0
SAC,22200894,2023-02-23,133,116,27,49,9,4,0.553,1
POR,22200894,2023-02-23,116,133,26,33,12,3,0.462,0
WAS,22200895,2023-02-24,109,115,25,34,6,6,0.494,0
NYK,22200895,2023-02-24,115,109,21,43,9,2,0.489,1
ATL,22200896,2023-02-24,136,119,28,42,7,8,0.588,1
CLE,22200896,2023-02-24,119,136,20,35,9,6,0.455,0
MIL,22200897,2023-02-24,128,99,27,57,6,1,0.48,1
MIA,22200897,2023-02-24,99,128,21,45,5,5,0.391,0
MIN,22200898,2023-02-24,113,121,25,45,6,11,0.495,0
CHA,22200898,2023-02-24,121,113,25,52,10,4,0.467,1
PHX,22200899,2023-02-24,124,115,23,54,5,5,0.467,1
OKC,22200899,2023-02-24,115,124,27,47,5,2,0.432,0
CHI,22200900,2023-02-24,131,87,25,57,6,4,0.568,1
BKN,22200900,2023-02-24,87,131,21,31,6,3,0.37,0
GSW,22200901,2023-02-24,116,101,27,47,3,3,0.474,1
HOU,22200901,2023-02-24,101,116,23,44,12,3,0.391,0
LAC,22200902,2023-02-24,175,176,39,42,8,3,0.602,0
SAC,22200902,2023-02-24,176,175,33,43,18,3,0.586,1
DET,22200903,2023-02-25,91,95,26,62,4,5,0.404,0
TOR,22200903,2023-02-25,95,91,22,46,9,5,0.375,1
CHA,22200904,2023-02-25,108,103,20,48,10,2,0.432,1
MIA,22200904,2023-02-25,103,108,24,42,7,3,0.4,0
ORL,22200905,2023-02-25,108,121,16,55,4,8,0.389,0
IND,22200905,2023-02-25,121,108,35,45,9,8,0.485,1
NYK,22200906,2023-02-25,128,106,24,54,1,7,0.511,1
NOP,22200906,2023-02-25,106,128,25,39,11,0,0.392,0
MEM,22200907,2023-02-25,112,94,25,50,10,3,0.474,1
DEN,22200907,2023-02-25,94,112,22,48,4,4,0.404,0
PHI,22200908,2023-02-25,107,110,19,42,8,3,0.449,0
BOS,22200908,2023-02-25,110,107,20,44,6,4,0.5,1
UTA,22200909,2023-02-25,118,102,29,56,5,11,0.467,1
SAS,22200909,2023-02-25,102,118,21,41,5,6,0.392,0
MIL,22200910,2023-02-26,104,101,15,45,4,7,0.437,1
PHX,22200910,2023-02-26,101,104,21,55,4,5,0.421,0
ATL,22200911,2023-02-26,129,127,20,46,7,2,0.5,1
BKN,22200911,2023-02-26,127,129,20,37,12,6,0.494,0
CHI,22200912,2023-02-26,102,82,21,39,7,3,0.506,1
WAS,22200912,2023-02-26,82,102,22,42,5,1,0.421,0
DAL,22200913,2023-02-26,108,111,21,48,5,5,0.419,0
LAL,22200913,2023-02-26,111,108,25,56,9,4,0.433,1
CLE,22200914,2023-02-26,118,93,31,45,7,5,0.524,1
TOR,22200914,2023-02-26,93,118,19,43,4,4,0.387,0
OKC,22200915,2023-02-26,115,124,24,37,10,0,0.477,0
SAC,22200915,2023-02-26,124,115,32,48,7,1,0.529,1
GSW,22200916,2023-02-26,109,104,23,56,11,5,0.429,1
MIN,22200916,2023-02-26,104,109,26,43,11,8,0.422,0
POR,22200917,2023-02-26,131,114,20,37,7,7,0.545,1
HOU,22200917,2023-02-26,114,131,24,48,7,2,0.45,0
DEN,22200918,2023-02-26,134,124,35,50,10,3,0.51,1
LAC,22200918,2023-02-26,124,134,24,38,11,5,0.489,0
CHA,22200919,2023-02-27,117,106,24,46,8,3,0.518,1
DET,22200919,2023-02-27,106,117,18,39,12,3,0.457,0
PHI,22200920,2023-02-27,99,101,20,39,7,3,0.438,0
MIA,22200920,2023-02-27,101,99,21,37,10,3,0.432,1
NYK,22200921,2023-02-27,109,94,20,44,6,3,0.474,1
BOS,22200921,2023-02-27,94,109,21,35,5,8,0.44,0
NOP,22200922,2023-02-27,93,101,23,38,9,2,0.447,0
ORL,22200922,2023-02-27,101,93,21,43,9,1,0.456,1
ATL,22200923,2023-02-28,116,119,21,42,4,7,0.462,0
WAS,22200923,2023-02-28,119,116,19,48,6,5,0.495,1
BKN,22200924,2023-02-28,104,118,25,38,12,6,0.434,0
MIL,22200924,2023-02-28,118,104,32,55,10,3,0.49,1
TOR,22200925,2023-02-28,104,98,26,47,11,6,0.404,1
CHI,22200925,2023-02-28,98,104,28,35,6,7,0.521,0
HOU,22200926,2023-02-28,112,133,33,40,5,6,0.495,0
DEN,22200926,2023-02-28,133,112,40,43,8,5,0.576,1
MEM,22200927,2023-02-28,121,109,25,47,13,6,0.455,1
LAL,22200927,2023-02-28,109,121,22,56,5,10,0.442,0
OKC,22200928,2023-02-28,117,123,28,42,9,1,0.439,0
SAC,22200928,2023-02-28,123,117,34,51,3,4,0.524,1
DAL,22200929,2023-02-28,122,124,28,38,5,3,0.505,0
IND,22200929,2023-02-28,124,122,25,41,3,8,0.526,1
UTA,22200930,2023-02-28,94,102,15,52,8,9,0.353,0
SAS,22200930,2023-02-28,102,94,23,45,9,5,0.429,1
GSW,22200931,2023-02-28,123,105,34,46,5,2,0.538,1
POR,22200931,2023-02-28,105,123,26,33,8,4,0.43,0
LAC,22200932,2023-02-28,101,108,24,44,11,3,0.422,0
MIN,22200932,2023-02-28,108,101,22,46,14,8,0.478,1
CHA,22200933,2023-03-01,91,105,20,48,3,7,0.364,0
PHX,22200933,2023-03-01,105,91,30,48,8,9,0.472,1
DET,22200934,2023-03-01,115,117,23,40,8,2,0.5,0
CHI,22200934,2023-03-01,117,115,27,40,9,4,0.482,1
BOS,22200935,2023-03-01,117,113,27,43,5,4,0.5,1
CLE,22200935,2023-03-01,113,117,21,38,8,3,0.489,0
MIA,22200936,2023-03-01,96,119,18,33,3,2,0.436,0
PHI,22200936,2023-03-01,119,96,25,41,6,5,0.494,1
NYK,22200937,2023-03-01,142,118,28,46,5,3,0.607,1
BKN,22200937,2023-03-01,118,142,26,31,6,5,0.467,0
HOU,22200938,2023-03-01,99,113,17,49,4,5,0.4,0
MEM,22200938,2023-03-01,113,99,27,44,6,9,0.482,1
MIL,22200939,2023-03-01,139,117,29,46,4,1,0.521,1
ORL,22200939,2023-03-01,117,139,22,50,3,5,0.457,0
OKC,22200940,2023-03-01,117,123,29,42,8,4,0.484,0
LAL,22200940,2023-03-01,123,117,22,41,8,8,0.475,1
POR,22200941,2023-03-01,110,121,18,41,5,8,0.444,0
NOP,22200941,2023-03-01,121,110,23,41,9,4,0.517,1
WAS,22200942,2023-03-02,119,108,30,43,5,4,0.512,1
TOR,22200942,2023-03-02,108,119,28,43,8,7,0.446,0
DAL,22200943,2023-03-02,133,126,26,31,8,1,0.549,1
PHI,22200943,2023-03-02,126,133,28,37,9,1,0.577,0
SAS,22200944,2023-03-02,110,99,31,50,5,6,0.459,1
IND,22200944,2023-03-02,99,110,23,40,11,8,0.456,0
GSW,22200945,2023-03-02,115,91,25,60,9,6,0.419,1
LAC,22200945,2023-03-02,91,115,19,47,5,5,0.36,0
CHA,22200946,2023-03-03,106,117,25,34,11,4,0.487,0
ORL,22200946,2023-03-03,117,106,21,42,9,4,0.535,1
ATL,22200947,2023-03-03,129,111,30,43,10,5,0.571,1
POR,22200947,2023-03-03,111,129,22,34,11,7,0.471,0
BOS,22200948,2023-03-03,105,115,26,48,8,8,0.488,0
BKN,22200948,2023-03-03,115,105,25,47,9,6,0.421,1
MIA,22200949,2023-03-03,120,122,23,39,7,2,0.481,0
NYK,22200949,2023-03-03,122,120,23,34,8,4,0.58,1
CHI,22200950,2023-03-03,104,125,24,34,7,1,0.47,0
PHX,22200950,2023-03-03,125,104,29,41,6,7,0.5,1
OKC,22200951,2023-03-03,130,103,31,40,12,5,0.5,1
UTA,22200951,2023-03-03,103,130,24,48,5,14,0.487,0
DEN,22200952,2023-03-03,113,97,28,53,6,5,0.46,1
MEM,22200952,2023-03-03,97,113,24,40,6,6,0.369,0
GSW,22200953,2023-03-03,108,99,28,43,7,4,0.513,1
NOP,22200953,2023-03-03,99,108,20,29,9,4,0.442,0
SAC,22200954,2023-03-03,128,127,26,45,3,2,0.529,1
LAC,22200954,2023-03-03,127,128,31,32,7,3,0.54,0
LAL,22200955,2023-03-03,102,110,23,41,8,2,0.414,0
MIN,22200955,2023-03-03,110,102,29,46,10,6,0.472,1
WAS,22200956,2023-03-04,109,116,26,43,9,5,0.507,0
TOR,22200956,2023-03-04,116,109,30,34,14,4,0.522,1
CLE,22200957,2023-03-04,114,90,29,39,14,8,0.495,1
DET,22200957,2023-03-04,90,114,19,49,5,7,0.407,0
MIA,22200958,2023-03-04,117,109,31,43,5,3,0.506,1
ATL,22200958,2023-03-04,109,117,22,37,12,1,0.468,0
SAS,22200959,2023-03-04,110,122,24,42,9,3,0.442,0
HOU,22200959,2023-03-04,122,110,26,45,9,5,0.563,1
MIL,22200960,2023-03-04,130,133,30,43,3,3,0.53,0
PHI,22200960,2023-03-04,133,130,24,32,5,1,0.5,1
SAC,22200961,2023-03-04,134,138,25,39,5,1,0.551,0
MIN,22200961,2023-03-04,138,134,31,40,4,6,0.6,1
DAL,22200962,2023-03-05,126,130,15,31,5,0,0.494,0
PHX,22200962,2023-03-05,130,126,27,41,5,2,0.551,1
CHI,22200963,2023-03-05,122,125,18,33,6,3,0.608,0
IND,22200963,2023-03-05,125,122,27,35,5,6,0.511,1
LAL,22200964,2023-03-05,113,105,29,46,3,3,0.442,1
GSW,22200964,2023-03-05,105,113,27,42,2,6,0.396,0
BKN,22200965,2023-03-05,102,86,21,52,5,9,0.391,1
CHA,22200965,2023-03-05,86,102,17,49,2,3,0.375,0
ORL,22200966,2023-03-05,119,122,29,38,11,2,0.5,0
POR,22200966,2023-03-05,122,119,27,46,9,5,0.47,1
HOU,22200967,2023-03-05,142,110,29,44,10,3,0.612,1
SAS,22200967,2023-03-05,110,142,23,35,5,4,0.462,0
OKC,22200968,2023-03-05,129,119,24,42,9,4,0.506,1
UTA,22200968,2023-03-05,119,129,30,39,5,8,0.489,0
BOS,22200969,2023-03-05,129,131,27,54,8,5,0.394,0
NYK,22200969,2023-03-05,131,129,18,54,7,4,0.495,1
LAC,22200970,2023-03-05,135,129,25,53,6,2,0.529,1
MEM,22200970,2023-03-05,129,135,32,26,13,3,0.543,0
CLE,22200971,2023-03-06,118,114,27,58,4,7,0.448,1
BOS,22200971,2023-03-06,114,118,25,52,5,5,0.416,0
IND,22200972,2023-03-06,143,147,28,30,8,4,0.589,0
PHI,22200972,2023-03-06,147,143,37,36,6,5,0.585,1
WAS,22200973,2023-03-05,111,117,21,56,8,2,0.426,0
MIL,22200973,2023-03-05,117,111,30,45,5,6,0.47,1
MIA,22200974,2023-03-06,130,128,27,32,6,4,0.532,1
ATL,22200974,2023-03-06,128,130,28,37,5,0,0.554,0
DEN,22200975,2023-03-06,118,113,30,41,9,2,0.5,1
TOR,22200975,2023-03-06,113,118,29,41,6,4,0.5,0
SAC,22200976,2023-03-06,123,108,39,33,7,3,0.566,1
NOP,22200976,2023-03-06,108,123,29,40,6,4,0.537,0
DET,22200977,2023-03-06,104,110,30,52,9,6,0.465,0
POR,22200977,2023-03-06,110,104,28,38,7,6,0.487,1
ORL,22200978,2023-03-07,123,134,24,38,7,0,0.5,0
MIL,22200978,2023-03-07,134,123,28,38,5,5,0.59,1
NYK,22200979,2023-03-07,105,112,18,39,3,4,0.427,0
CHA,22200979,2023-03-07,112,105,27,42,2,5,0.494,1
MIN,22200980,2023-03-07,94,117,19,34,9,7,0.395,0
PHI,22200980,2023-03-07,117,94,21,54,8,6,0.494,1
HOU,22200981,2023-03-07,96,118,14,48,6,1,0.434,0
BKN,22200981,2023-03-07,118,96,23,36,12,7,0.494,1
OKC,22200982,2023-03-07,137,128,28,44,10,2,0.532,1
GSW,22200982,2023-03-07,128,137,36,33,8,3,0.528,0
DAL,22200983,2023-03-07,120,116,24,43,10,6,0.472,1
UTA,22200983,2023-03-07,116,120,23,47,10,4,0.446,0
LAL,22200984,2023-03-07,112,103,27,57,4,2,0.456,1
MEM,22200984,2023-03-07,103,112,18,45,6,6,0.387,0
WAS,22200985,2023-03-08,120,122,34,39,9,1,0.566,0
ATL,22200985,2023-03-08,122,120,26,36,11,5,0.529,1
BOS,22200986,2023-03-08,115,93,26,45,9,2,0.477,1
POR,22200986,2023-03-08,93,115,18,47,5,2,0.366,0
MIA,22200987,2023-03-08,100,104,22,37,7,4,0.5,0
CLE,22200987,2023-03-08,104,100,26,32,13,3,0.487,1
NOP,22200988,2023-03-08,113,106,32,49,4,6,0.506,1
DAL,22200988,2023-03-08,106,113,24,34,7,0,0.432,0
DEN,22200989,2023-03-08,96,117,26,44,5,2,0.42,0
CHI,22200989,2023-03-08,117,96,26,50,9,2,0.517,1
PHX,22200990,2023-03-08,132,101,31,54,10,7,0.521,1
OKC,22200990,2023-03-08,101,132,23,37,9,2,0.375,0
LAC,22200991,2023-03-08,108,100,23,44,9,4,0.549,1
TOR,22200991,2023-03-08,100,108,21,41,12,2,0.385,0
DET,22200992,2023-03-09,103,113,20,48,5,4,0.449,0
CHA,22200992,2023-03-09,113,103,24,44,11,9,0.5,1
IND,22200993,2023-03-09,134,125,34,42,12,15,0.48,1
HOU,22200993,2023-03-09,125,134,18,58,6,6,0.458,0
ORL,22200994,2023-03-09,124,131,21,36,9,4,0.468,0
UTA,22200994,2023-03-09,131,124,27,42,7,8,0.557,1
MIL,22200995,2023-03-09,118,113,33,61,8,12,0.423,1
BKN,22200995,2023-03-09,113,118,20,47,10,4,0.394,0
MEM,22200996,2023-03-09,131,110,36,42,6,3,0.538,1
GSW,22200996,2023-03-09,110,131,25,32,9,3,0.439,0
SAC,22200997,2023-03-09,122,117,28,42,10,3,0.524,1
NYK,22200997,2023-03-09,117,122,27,58,8,1,0.416,0
PHI,22200998,2023-03-10,120,119,25,42,7,4,0.518,1
POR,22200998,2023-03-10,119,120,24,36,6,3,0.525,0
WAS,22200999,2023-03-10,107,114,27,43,8,6,0.489,0
ATL,22200999,2023-03-10,114,107,25,46,9,4,0.442,1
MIA,22201000,2023-03-10,119,115,22,46,7,4,0.512,1
CLE,22201000,2023-03-10,115,119,25,34,5,6,0.465,0
MIN,22201001,2023-03-10,123,124,29,47,10,6,0.49,0
BKN,22201001,2023-03-10,124,123,20,48,7,5,0.462,1
SAS,22201002,2023-03-10,128,120,31,50,10,0,0.543,1
DEN,22201002,2023-03-10,120,128,32,33,14,4,0.489,0
LAL,22201003,2023-03-10,122,112,28,35,8,8,0.563,1
TOR,22201003,2023-03-10,112,122,29,37,14,3,0.5,0
LAC,22201004,2023-03-11,106,95,22,39,3,4,0.483,1
NYK,22201004,2023-03-11,95,106,21,54,5,3,0.356,0
CHA,22201005,2023-03-11,111,119,24,43,5,14,0.408,0
UTA,22201005,2023-03-11,119,111,22,60,4,4,0.447,1
DET,22201006,2023-03-11,115,121,25,42,7,7,0.457,0
IND,22201006,2023-03-11,121,115,24,58,7,6,0.462,1
ORL,22201007,2023-03-11,126,114,34,54,10,10,0.485,1
MIA,22201007,2023-03-11,114,126,19,35,8,2,0.447,0
ATL,22201008,2023-03-11,125,134,24,48,4,4,0.5,0
BOS,22201008,2023-03-11,134,125,35,40,6,6,0.547,1
HOU,22201009,2023-03-11,111,119,28,33,10,3,0.482,0
CHI,22201009,2023-03-11,119,111,25,44,7,9,0.512,1
MEM,22201010,2023-03-11,112,108,25,45,7,5,0.477,1
DAL,22201010,2023-03-11,108,112,25,43,4,3,0.459,0
NOP,22201011,2023-03-11,96,110,23,43,3,4,0.42,0
OKC,22201011,2023-03-11,110,96,17,38,11,2,0.463,1
GSW,22201012,2023-03-11,125,116,33,65,12,4,0.411,1
MIL,22201012,2023-03-11,116,125,28,48,9,7,0.43,0
PHX,22201013,2023-03-11,119,128,30,40,11,3,0.494,0
SAC,22201013,2023-03-11,128,119,19,39,10,2,0.482,1
DEN,22201014,2023-03-12,120,122,27,49,4,8,0.5,0
BKN,22201014,2023-03-12,122,120,32,28,11,2,0.5,1
CHA,22201015,2023-03-12,108,114,25,43,8,5,0.512,0
CLE,22201015,2023-03-12,114,108,18,40,8,3,0.471,1
PHI,22201016,2023-03-12,112,93,29,42,6,10,0.512,1
WAS,22201016,2023-03-12,93,112,19,35,4,5,0.405,0
NOP,22201017,2023-03-12,127,110,35,43,11,7,0.5,1
POR,22201017,2023-03-12,110,127,26,46,10,2,0.489,0
SAS,22201018,2023-03-12,90,102,24,50,3,7,0.375,0
OKC,22201018,2023-03-12,102,90,26,55,8,3,0.379,1
LAL,22201019,2023-03-12,108,112,24,37,6,2,0.483,0
NYK,22201019,2023-03-12,112,108,18,46,8,3,0.477,1
DET,22201020,2023-03-13,117,97,28,52,10,5,0.48,1
IND,22201020,2023-03-13,97,117,23,42,7,5,0.419,0
ATL,22201021,2023-03-13,115,136,17,51,6,4,0.454,0
MIN,22201021,2023-03-13,136,115,39,37,12,10,0.587,1
MIA,22201022,2023-03-13,119,115,20,37,12,4,0.468,1
UTA,22201022,2023-03-13,115,119,31,48,7,4,0.478,0
DAL,22201023,2023-03-13,88,104,23,41,3,3,0.389,0
MEM,22201023,2023-03-13,104,88,23,47,9,3,0.458,1
HOU,22201024,2023-03-13,111,109,27,48,9,2,0.444,1
BOS,22201024,2023-03-13,109,111,19,38,7,5,0.448,0
GSW,22201025,2023-03-13,123,112,28,41,8,6,0.542,1
PHX,22201025,2023-03-13,112,123,25,47,8,4,0.484,0
SAC,22201026,2023-03-13,124,133,31,45,4,2,0.442,0
MIL,22201026,2023-03-13,133,124,29,43,2,4,0.581,1
CHA,22201027,2023-03-14,104,120,28,40,3,8,0.566,0
CLE,22201027,2023-03-14,120,104,29,30,8,6,0.511,1
WAS,22201028,2023-03-14,117,97,24,48,9,9,0.518,1
DET,22201028,2023-03-14,97,117,18,44,8,3,0.384,0
TOR,22201029,2023-03-14,125,110,25,44,10,2,0.527,1
DEN,22201029,2023-03-14,110,125,29,32,9,4,0.553,0
NOP,22201030,2023-03-14,108,123,23,41,9,3,0.429,0
LAL,22201030,2023-03-14,123,108,24,52,8,2,0.488,1
OKC,22201031,2023-03-14,121,107,22,51,9,0,0.455,1
BKN,22201031,2023-03-14,107,121,25,46,3,5,0.427,0
SAS,22201032,2023-03-14,132,114,39,47,6,7,0.565,1
ORL,22201032,2023-03-14,114,132,24,42,7,2,0.454,0
PHX,22201033,2023-03-14,104,116,23,41,7,3,0.432,0
MIL,22201033,2023-03-14,116,104,24,46,8,6,0.471,1
POR,22201034,2023-03-14,107,123,22,38,8,3,0.384,0
NYK,22201034,2023-03-14,123,107,23,52,8,8,0.519,1
CLE,22201035,2023-03-15,109,118,20,33,6,2,0.471,0
PHI,22201035,2023-03-15,118,109,24,46,8,6,0.52,1
MIA,22201036,2023-03-15,138,119,33,41,8,5,0.598,1
MEM,22201036,2023-03-15,119,138,29,39,6,1,0.505,0
CHI,22201037,2023-03-15,114,117,28,48,13,4,0.392,0
SAC,22201037,2023-03-15,117,114,26,45,6,3,0.487,1
HOU,22201038,2023-03-15,114,110,22,51,5,3,0.528,1
LAL,22201038,2023-03-15,110,114,21,36,7,3,0.378,0
MIN,22201039,2023-03-15,102,104,27,46,3,2,0.44,0
BOS,22201039,2023-03-15,104,102,20,44,7,5,0.405,1
SAS,22201040,2023-03-15,128,137,26,47,7,4,0.458,0
DAL,22201040,2023-03-15,137,128,23,52,4,4,0.512,1
LAC,22201041,2023-03-15,134,126,30,44,11,1,0.479,1
GSW,22201041,2023-03-15,126,134,28,36,5,1,0.557,0
DET,22201042,2023-03-16,100,119,24,37,8,3,0.459,0
DEN,22201042,2023-03-16,119,100,29,47,9,7,0.528,1
BKN,22201043,2023-03-16,96,101,20,41,8,4,0.412,0
SAC,22201043,2023-03-16,101,96,22,57,2,5,0.39,1
TOR,22201044,2023-03-16,128,111,29,59,10,6,0.485,1
OKC,22201044,2023-03-16,111,128,18,39,5,4,0.426,0
MIL,22201045,2023-03-16,123,139,26,44,5,4,0.528,0
IND,22201045,2023-03-16,139,123,36,42,5,3,0.557,1
PHX,22201046,2023-03-16,116,113,26,35,7,5,0.478,1
ORL,22201046,2023-03-16,113,116,25,47,7,3,0.5,0
CHA,22201047,2023-03-17,82,121,20,35,10,6,0.337,0
PHI,22201047,2023-03-17,121,82,24,62,9,9,0.5,1
ATL,22201048,2023-03-17,127,119,27,45,7,8,0.47,1
GSW,22201048,2023-03-17,119,127,28,54,6,9,0.48,0
CLE,22201049,2023-03-17,117,94,31,41,9,7,0.552,1
WAS,22201049,2023-03-17,94,117,22,38,5,6,0.461,0
CHI,22201050,2023-03-17,139,131,23,47,9,6,0.543,1
MIN,22201050,2023-03-17,131,139,33,50,6,8,0.46,0
HOU,22201051,2023-03-17,114,112,20,52,9,3,0.489,1
NOP,22201051,2023-03-17,112,114,22,35,8,5,0.476,0
SAS,22201052,2023-03-17,120,126,31,54,11,4,0.398,0
MEM,22201052,2023-03-17,126,120,27,52,13,9,0.485,1
POR,22201053,2023-03-17,112,126,20,37,12,4,0.481,0
BOS,22201053,2023-03-17,126,112,29,52,12,2,0.471,1
LAL,22201054,2023-03-17,110,111,23,42,8,3,0.512,0
DAL,22201054,2023-03-17,111,110,27,35,8,4,0.506,1
NYK,22201055,2023-03-18,116,110,23,43,9,4,0.494,1
DEN,22201055,2023-03-18,110,116,30,33,3,2,0.512,0
LAC,22201056,2023-03-18,108,113,23,43,9,3,0.467,0
ORL,22201056,2023-03-18,113,108,23,45,14,5,0.5,1
IND,22201057,2023-03-18,121,141,28,41,5,5,0.517,0
PHI,22201057,2023-03-18,141,121,31,30,11,6,0.614,1
TOR,22201058,2023-03-18,122,107,23,45,11,3,0.533,1
MIN,22201058,2023-03-18,107,122,27,42,5,2,0.459,0
WAS,22201059,2023-03-18,118,132,27,46,6,5,0.451,0
SAC,22201059,2023-03-18,132,118,34,44,7,7,0.558,1
CHI,22201060,2023-03-18,113,99,34,32,8,5,0.563,1
MIA,22201060,2023-03-18,99,113,23,39,4,2,0.427,0
MEM,22201061,2023-03-18,133,119,35,39,5,5,0.547,1
GSW,22201061,2023-03-18,119,133,27,42,3,8,0.429,0
UTA,22201062,2023-03-18,118,117,29,56,3,5,0.433,1
BOS,22201062,2023-03-18,117,118,30,40,2,2,0.477,0
BKN,22201063,2023-03-19,102,108,26,33,10,3,0.463,0
DEN,22201063,2023-03-19,108,102,31,40,5,3,0.525,1
OKC,22201064,2023-03-19,124,120,20,44,8,3,0.5,1
PHX,22201064,2023-03-19,120,124,31,40,7,9,0.478,0
SAS,22201065,2023-03-19,126,118,26,41,9,5,0.543,1
ATL,22201065,2023-03-19,118,126,21,51,4,4,0.475,0
DET,22201066,2023-03-19,100,112,26,39,4,2,0.463,0
MIA,22201066,2023-03-19,112,100,33,42,4,4,0.481,1
HOU,22201067,2023-03-19,107,117,15,36,4,2,0.408,0
NOP,22201067,2023-03-19,117,107,28,39,7,4,0.494,1
MIL,22201068,2023-03-19,118,111,35,45,3,8,0.524,1
TOR,22201068,2023-03-19,111,118,25,41,6,4,0.444,0
POR,22201069,2023-03-19,102,117,24,40,7,9,0.451,0
LAC,22201069,2023-03-19,117,102,26,49,11,3,0.457,1
LAL,22201070,2023-03-19,111,105,25,52,2,9,0.462,1
ORL,22201070,2023-03-19,105,111,24,44,8,3,0.402,0
CHA,22201071,2023-03-20,115,109,26,37,12,6,0.456,1
IND,22201071,2023-03-20,109,115,27,48,5,6,0.451,0
PHI,22201072,2023-03-20,105,109,28,54,8,8,0.422,0
CHI,22201072,2023-03-20,109,105,20,42,12,7,0.415,1
NYK,22201073,2023-03-20,134,140,26,34,7,3,0.565,0
MIN,22201073,2023-03-20,140,134,34,34,9,4,0.614,1
HOU,22201074,2023-03-20,108,121,14,41,14,2,0.419,0
GSW,22201074,2023-03-20,121,108,31,48,12,6,0.5,1
MEM,22201075,2023-03-20,112,108,21,50,5,3,0.461,1
DAL,22201075,2023-03-20,108,112,22,37,5,4,0.464,0
UTA,22201076,2023-03-20,128,120,33,48,3,8,0.523,1
SAC,22201076,2023-03-20,120,128,28,43,5,3,0.423,0
ORL,22201077,2023-03-21,122,112,27,42,7,5,0.537,1
WAS,22201077,2023-03-21,112,122,30,33,7,4,0.506,0
ATL,22201078,2023-03-21,129,107,26,61,5,6,0.463,1
DET,22201078,2023-03-21,107,129,20,35,8,2,0.407,0
BKN,22201079,2023-03-21,109,115,25,49,6,5,0.446,0
CLE,22201079,2023-03-21,115,109,23,34,6,3,0.506,1
NOP,22201080,2023-03-21,119,84,31,49,8,2,0.556,1
SAS,22201080,2023-03-21,84,119,22,37,8,3,0.345,0
SAC,22201081,2023-03-21,109,132,25,42,3,4,0.481,0
BOS,22201081,2023-03-21,132,109,33,43,9,3,0.533,1
LAC,22201082,2023-03-21,100,101,21,46,9,2,0.477,0
OKC,22201082,2023-03-21,101,100,19,47,2,4,0.419,1
WAS,22201083,2023-03-22,104,118,20,37,4,4,0.506,0
DEN,22201083,2023-03-22,118,104,28,41,7,2,0.506,1
MIA,22201084,2023-03-22,127,120,28,29,9,1,0.57,1
NYK,22201084,2023-03-22,120,127,29,42,7,5,0.512,0
TOR,22201085,2023-03-22,114,118,21,40,11,7,0.438,0
IND,22201085,2023-03-22,118,114,27,39,4,5,0.558,1
DAL,22201086,2023-03-22,125,127,27,31,7,2,0.494,0
GSW,22201086,2023-03-22,127,125,33,44,7,5,0.556,1
CHI,22201087,2023-03-22,91,116,18,42,7,4,0.41,0
PHI,22201087,2023-03-22,116,91,30,44,9,4,0.476,1
MEM,22201088,2023-03-22,130,125,27,36,8,4,0.517,1
HOU,22201088,2023-03-22,125,130,27,48,6,3,0.516,0
MIL,22201089,2023-03-22,130,94,24,54,10,4,0.52,1
SAS,22201089,2023-03-22,94,130,26,46,7,6,0.387,0
MIN,22201090,2023-03-22,125,124,27,42,7,3,0.489,1
ATL,22201090,2023-03-22,124,125,28,41,6,6,0.529,0
UTA,22201091,2023-03-22,115,127,24,47,4,5,0.476,0
POR,22201091,2023-03-22,127,115,28,43,9,5,0.484,1
LAL,22201092,2023-03-22,122,111,27,36,7,2,0.557,1
PHX,22201092,2023-03-22,111,122,23,39,7,6,0.467,0
ORL,22201093,2023-03-23,111,106,25,43,8,7,0.46,1
NYK,22201093,2023-03-23,106,111,26,44,8,8,0.42,0
BKN,22201094,2023-03-23,114,116,24,42,7,7,0.481,0
CLE,22201094,2023-03-23,116,114,24,40,7,7,0.472,1
NOP,22201095,2023-03-23,115,96,26,52,11,0,0.459,1
CHA,22201095,2023-03-23,96,115,24,38,8,4,0.458,0
LAC,22201096,2023-03-23,127,105,34,42,9,5,0.56,1
OKC,22201096,2023-03-23,105,127,24,40,6,3,0.441,0
BOS,22201097,2023-03-24,120,95,28,49,11,6,0.473,1
IND,22201097,2023-03-24,95,120,24,44,9,4,0.464,0
WAS,22201098,2023-03-24,136,124,29,43,3,8,0.6,1
SAS,22201098,2023-03-24,124,136,35,41,4,4,0.505,0
TOR,22201099,2023-03-24,118,97,25,46,12,9,0.446,1
DET,22201099,2023-03-24,97,118,23,39,8,4,0.466,0
MEM,22201100,2023-03-24,151,114,36,35,12,7,0.613,1
HOU,22201100,2023-03-24,114,151,25,38,7,3,0.54,0
DAL,22201101,2023-03-24,109,117,25,45,3,4,0.488,0
CHA,22201101,2023-03-24,117,109,32,43,7,4,0.483,1
UTA,22201102,2023-03-24,116,144,28,51,6,5,0.385,0
MIL,22201102,2023-03-24,144,116,42,50,6,11,0.556,1
GSW,22201103,2023-03-24,120,112,27,49,3,0,0.477,1
PHI,22201103,2023-03-24,112,120,23,38,8,1,0.487,0
POR,22201104,2023-03-24,96,124,23,31,10,5,0.43,0
CHI,22201104,2023-03-24,124,96,33,47,6,8,0.571,1
SAC,22201105,2023-03-24,135,127,29,33,6,3,0.528,1
PHX,22201105,2023-03-24,127,135,33,43,2,7,0.539,0
LAL,22201106,2023-03-24,116,111,20,53,9,4,0.462,1
OKC,22201106,2023-03-24,111,116,21,45,6,5,0.435,0
ATL,22201107,2023-03-25,143,130,33,42,10,8,0.552,1
IND,22201107,2023-03-25,130,143,33,32,7,7,0.542,0
MIA,22201108,2023-03-25,100,129,22,32,5,4,0.475,0
BKN,22201108,2023-03-25,129,100,30,45,6,6,0.494,1
DEN,22201109,2023-03-25,129,106,28,48,4,3,0.528,1
MIL,22201109,2023-03-25,106,129,26,40,7,2,0.443,0
PHX,22201110,2023-03-25,125,105,35,45,4,9,0.505,1
PHI,22201110,2023-03-25,105,125,21,36,3,7,0.436,0
SAC,22201111,2023-03-25,121,113,30,42,11,1,0.463,1
UTA,22201111,2023-03-25,113,121,30,45,3,7,0.516,0
LAC,22201112,2023-03-25,110,131,29,31,9,6,0.52,0
NOP,22201112,2023-03-25,131,110,36,45,11,3,0.531,1
CHA,22201113,2023-03-26,110,104,27,58,6,2,0.443,1
DAL,22201113,2023-03-26,104,110,18,37,8,7,0.381,0
LAL,22201114,2023-03-26,108,118,24,38,5,4,0.507,0
CHI,22201114,2023-03-26,118,108,32,42,8,2,0.54,1
ATL,22201115,2023-03-26,119,123,27,48,4,5,0.459,0
MEM,22201115,2023-03-26,123,119,28,39,8,7,0.539,1
BOS,22201116,2023-03-26,137,93,29,61,4,11,0.571,1
SAS,22201116,2023-03-26,93,137,22,38,7,0,0.371,0
CLE,22201117,2023-03-26,108,91,20,41,5,7,0.47,1
HOU,22201117,2023-03-26,91,108,20,36,6,1,0.438,0
ORL,22201118,2023-03-26,119,106,30,47,7,3,0.529,1
BKN,22201118,2023-03-26,106,119,17,44,7,8,0.407,0
TOR,22201119,2023-03-26,114,104,22,53,13,6,0.459,1
WAS,22201119,2023-03-26,104,114,25,45,6,2,0.442,0
POR,22201120,2023-03-26,112,118,18,37,5,7,0.476,0
OKC,22201120,2023-03-26,118,112,23,42,13,2,0.436,1
GSW,22201121,2023-03-26,96,99,25,37,9,2,0.415,0
MIN,22201121,2023-03-26,99,96,25,49,10,2,0.425,1
DET,22201122,2023-03-27,117,126,22,47,5,0,0.446,0
MIL,22201122,2023-03-27,126,117,28,50,5,4,0.474,1
IND,22201123,2023-03-27,104,127,20,43,6,3,0.419,0
DAL,22201123,2023-03-27,127,104,29,33,7,8,0.566,1
NYK,22201124,2023-03-27,137,115,35,39,11,8,0.581,1
HOU,22201124,2023-03-27,115,137,24,40,6,4,0.483,0
UTA,22201125,2023-03-27,103,117,25,47,2,7,0.442,0
PHX,22201125,2023-03-27,117,103,31,49,7,7,0.426,1
DEN,22201126,2023-03-27,116,111,34,42,8,4,0.506,1
PHI,22201126,2023-03-27,111,116,18,40,10,3,0.483,0
POR,22201127,2023-03-27,90,124,15,29,6,2,0.389,0
NOP,22201127,2023-03-27,124,90,31,53,5,6,0.57,1
SAC,22201128,2023-03-27,115,119,16,42,4,4,0.464,0
MIN,22201128,2023-03-27,119,115,33,40,6,3,0.512,1
LAC,22201129,2023-03-27,124,112,41,37,10,4,0.593,1
CHI,22201129,2023-03-27,112,124,26,34,9,3,0.537,0
WAS,22201130,2023-03-28,130,111,33,43,7,3,0.545,1
BOS,22201130,2023-03-28,111,130,29,38,5,8,0.484,0
ATL,22201131,2023-03-28,120,118,25,51,5,3,0.461,1
CLE,22201131,2023-03-28,118,120,20,40,5,6,0.505,0
TOR,22201132,2023-03-28,106,92,32,47,8,7,0.484,1
MIA,22201132,2023-03-28,92,106,18,43,6,3,0.4,0
MEM,22201133,2023-03-28,113,108,26,49,11,6,0.477,1
ORL,22201133,2023-03-28,108,113,24,47,9,8,0.41,0
OKC,22201134,2023-03-28,134,137,25,39,11,3,0.521,0
CHA,22201134,2023-03-28,137,134,34,52,6,7,0.553,1
GSW,22201135,2023-03-28,120,109,32,41,11,4,0.524,1
NOP,22201135,2023-03-28,109,120,30,41,6,4,0.467,0
IND,22201136,2023-03-29,136,149,36,29,9,4,0.525,0
MIL,22201136,2023-03-29,149,136,28,52,5,5,0.624,1
BKN,22201137,2023-03-29,123,114,33,41,4,9,0.537,1
HOU,22201137,2023-03-29,114,123,21,52,9,2,0.469,0
NYK,22201138,2023-03-29,101,92,22,47,8,3,0.5,1
MIA,22201138,2023-03-29,92,101,20,35,5,0,0.443,0
PHI,22201139,2023-03-29,116,108,26,43,9,4,0.463,1
DAL,22201139,2023-03-29,108,116,24,40,3,3,0.458,0
CHI,22201140,2023-03-29,110,121,31,32,10,4,0.511,0
LAL,22201140,2023-03-29,121,110,22,45,10,3,0.523,1
MEM,22201141,2023-03-29,132,141,26,45,8,4,0.516,0
LAC,22201141,2023-03-29,141,132,28,32,8,4,0.615,1
OKC,22201142,2023-03-29,107,106,19,38,7,3,0.448,1
DET,22201142,2023-03-29,106,107,27,42,1,3,0.5,0
SAS,22201143,2023-03-29,117,128,31,39,10,4,0.474,0
UTA,22201143,2023-03-29,128,117,28,45,5,6,0.544,1
PHX,22201144,2023-03-29,107,100,23,48,11,8,0.417,1
MIN,22201144,2023-03-29,100,107,24,54,4,4,0.444,0
POR,22201145,2023-03-29,80,120,18,45,5,6,0.323,0
SAC,22201145,2023-03-29,120,80,30,59,9,4,0.457,1
MIL,22201146,2023-03-30,99,140,22,45,4,1,0.376,0
BOS,22201146,2023-03-30,140,99,28,47,8,5,0.56,1
DEN,22201147,2023-03-30,88,107,21,40,4,5,0.4,0
NOP,22201147,2023-03-30,107,88,22,46,6,1,0.475,1
CHA,22201148,2023-03-31,91,121,27,36,3,5,0.455,0
CHI,22201148,2023-03-31,121,91,25,42,12,4,0.511,1
IND,22201149,2023-03-31,121,117,30,56,5,4,0.459,1
OKC,22201149,2023-03-31,117,121,21,45,10,3,0.477,0
PHI,22201150,2023-03-31,117,110,28,37,7,6,0.562,1
TOR,22201150,2023-03-31,110,117,26,34,6,3,0.5,0
WAS,22201151,2023-03-31,109,116,24,51,5,5,0.39,0
ORL,22201151,2023-03-31,116,109,26,48,2,14,0.5,1
BOS,22201152,2023-03-31,122,114,27,42,8,4,0.438,1
UTA,22201152,2023-03-31,114,122,23,52,3,7,0.479,0
BKN,22201153,2023-03-31,124,107,33,41,9,3,0.557,1
ATL,22201153,2023-03-31,107,124,23,46,6,3,0.429,0
CLE,22201154,2023-03-31,116,130,33,33,2,9,0.512,0
NYK,22201154,2023-03-31,130,116,24,48,6,5,0.527,1
HOU,22201155,2023-03-31,121,115,18,46,9,5,0.458,1
DET,22201155,2023-03-31,115,121,24,40,7,7,0.483,0
MEM,22201156,2023-03-31,108,94,25,51,11,7,0.448,1
LAC,22201156,2023-03-31,94,108,26,50,5,8,0.378,0
MIN,22201157,2023-03-31,111,123,25,39,10,4,0.432,0
LAL,22201157,2023-03-31,123,111,28,53,10,5,0.5,1
GSW,22201158,2023-03-31,130,115,37,45,5,4,0.505,1
SAS,22201158,2023-03-31,115,130,27,46,8,4,0.462,0
POR,22201159,2023-03-31,114,138,29,33,9,6,0.471,0
SAC,22201159,2023-03-31,138,114,38,41,11,7,0.614,1
PHX,22201160,2023-03-31,100,93,28,51,8,7,0.42,1
DEN,22201160,2023-03-31,93,100,19,51,11,5,0.4,0
MIA,22201161,2023-04-01,129,122,27,36,6,0,0.523,1
DAL,22201161,2023-04-01,122,129,32,31,3,2,0.61,0
NOP,22201162,2023-04-01,122,114,21,40,6,5,0.488,1
LAC,22201162,2023-04-01,114,122,25,37,5,4,0.494,0
CHA,22201163,2023-04-02,108,128,26,37,3,4,0.494,0
TOR,22201163,2023-04-02,128,108,38,45,8,6,0.538,1
BKN,22201164,2023-04-02,111,110,25,40,6,2,0.442,1
UTA,22201164,2023-04-02,110,111,24,52,5,1,0.44,0
CHI,22201165,2023-04-02,128,107,29,36,9,6,0.532,1
MEM,22201165,2023-04-02,107,128,29,47,1,3,0.464,0
MIN,22201166,2023-04-02,105,107,29,47,3,5,0.481,0
POR,22201166,2023-04-02,107,105,29,42,12,3,0.462,1
ATL,22201167,2023-04-02,132,130,28,53,10,3,0.472,1
DAL,22201167,2023-04-02,130,132,24,47,4,3,0.516,0
NYK,22201168,2023-04-02,118,109,31,39,12,4,0.523,1
WAS,22201168,2023-04-02,109,118,26,38,9,5,0.494,0
ORL,22201169,2023-04-02,128,102,30,41,11,6,0.573,1
DET,22201169,2023-04-02,102,128,22,38,4,1,0.41,0
SAC,22201170,2023-04-02,134,142,24,43,9,5,0.476,0
SAS,22201170,2023-04-02,142,134,31,52,8,3,0.531,1
HOU,22201171,2023-04-02,109,134,23,44,4,4,0.431,0
LAL,22201171,2023-04-02,134,109,36,51,4,8,0.559,1
OKC,22201172,2023-04-02,118,128,21,41,7,0,0.409,0
PHX,22201172,2023-04-02,128,118,31,38,4,6,0.568,1
CLE,22201173,2023-04-02,115,105,23,43,7,7,0.489,1
IND,22201173,2023-04-02,105,115,21,44,5,6,0.434,0
MIL,22201174,2023-04-02,117,104,28,42,8,5,0.575,1
PHI,22201174,2023-04-02,104,117,19,36,3,2,0.46,0
DEN,22201175,2023-04-02,112,110,24,47,11,7,0.44,1
GSW,22201175,2023-04-02,110,112,26,57,9,4,0.4,0
CHA,22201176,2023-04-04,100,120,27,42,3,4,0.468,0
TOR,22201176,2023-04-04,120,100,27,41,13,7,0.477,1
DET,22201177,2023-04-04,105,118,21,35,5,2,0.493,0
MIA,22201177,2023-04-04,118,105,26,33,12,2,0.512,1
ORL,22201178,2023-04-04,113,117,25,47,6,1,0.506,0
CLE,22201178,2023-04-04,117,113,23,30,3,7,0.5,1
WAS,22201179,2023-04-04,128,140,30,42,7,4,0.505,0
MIL,22201179,2023-04-04,140,128,33,56,6,7,0.543,1
BKN,22201180,2023-04-04,102,107,21,40,6,8,0.433,0
MIN,22201180,2023-04-04,107,102,21,44,7,6,0.482,1
PHI,22201181,2023-04-04,103,101,21,37,3,7,0.5,1
BOS,22201181,2023-04-04,101,103,28,43,4,4,0.418,0
CHI,22201182,2023-04-04,105,123,16,32,8,6,0.461,0
ATL,22201182,2023-04-04,123,105,26,48,5,7,0.558,1
HOU,22201183,2023-04-04,124,103,23,55,12,3,0.461,1
DEN,22201183,2023-04-04,103,124,26,47,9,13,0.471,0
MEM,22201184,2023-04-04,119,109,30,49,5,5,0.483,1
POR,22201184,2023-04-04,109,119,23,49,7,7,0.433,0
NOP,22201185,2023-04-04,103,121,20,37,6,4,0.44,0
SAC,22201185,2023-04-04,121,103,35,43,8,4,0.505,1
UTA,22201186,2023-04-04,133,135,29,41,4,3,0.522,0
LAL,22201186,2023-04-04,135,133,27,44,6,7,0.5,1
GSW,22201187,2023-04-04,136,125,25,54,6,6,0.495,1
OKC,22201187,2023-04-04,125,136,23,38,4,1,0.473,0
PHX,22201188,2023-04-04,115,94,25,57,7,7,0.483,1
SAS,22201188,2023-04-04,94,115,25,38,7,5,0.389,0
DET,22201189,2023-04-05,108,123,27,34,5,3,0.488,0
BKN,22201189,2023-04-05,123,108,36,38,6,7,0.523,1
IND,22201190,2023-04-05,129,138,33,37,6,5,0.517,0
NYK,22201190,2023-04-05,138,129,34,52,13,8,0.52,1
ATL,22201191,2023-04-05,134,116,30,48,10,5,0.512,1
WAS,22201191,2023-04-05,116,134,23,39,10,9,0.479,0
BOS,22201192,2023-04-05,97,93,20,48,5,7,0.427,1
TOR,22201192,2023-04-05,93,97,20,50,10,7,0.411,0
MIL,22201193,2023-04-05,105,92,26,53,7,3,0.424,1
CHI,22201193,2023-04-05,92,105,28,38,10,3,0.434,0
NOP,22201194,2023-04-05,138,131,35,44,9,8,0.5,1
MEM,22201194,2023-04-05,131,138,33,49,10,6,0.481,0
DAL,22201195,2023-04-05,123,119,24,39,4,7,0.494,1
SAC,22201195,2023-04-05,119,123,31,57,7,1,0.434,0
LAC,22201196,2023-04-05,125,118,23,38,9,4,0.524,1
LAL,22201196,2023-04-05,118,125,27,44,4,3,0.506,0
ORL,22201197,2023-04-06,94,118,21,39,8,8,0.398,0
CLE,22201197,2023-04-06,118,94,31,42,13,7,0.523,1
PHI,22201198,2023-04-06,101,129,23,32,7,4,0.513,0
MIA,22201198,2023-04-06,129,101,39,42,3,0,0.557,1
SAS,22201199,2023-04-06,129,127,29,47,9,4,0.443,1
POR,22201199,2023-04-06,127,129,34,36,7,14,0.531,0
UTA,22201200,2023-04-06,98,114,24,45,5,2,0.494,0
OKC,22201200,2023-04-06,114,98,29,50,12,2,0.402,1
PHX,22201201,2023-04-06,119,115,26,33,4,6,0.519,1
DEN,22201201,2023-04-06,115,119,24,38,7,2,0.53,0
CHA,22201202,2023-04-07,109,112,22,41,10,9,0.432,0
HOU,22201202,2023-04-07,112,109,21,48,11,9,0.472,1
IND,22201203,2023-04-07,115,122,29,42,7,3,0.494,0
DET,22201203,2023-04-07,122,115,24,42,12,6,0.489,1
WAS,22201204,2023-04-07,114,108,23,50,4,3,0.464,1
MIA,22201204,2023-04-07,108,114,26,47,7,4,0.439,0
ATL,22201205,2023-04-07,131,136,32,38,11,7,0.554,0
PHI,22201205,2023-04-07,136,131,33,52,10,2,0.5,1
BOS,22201206,2023-04-07,121,102,37,53,4,7,0.556,1
TOR,22201206,2023-04-07,102,121,21,35,12,2,0.43,0
BKN,22201207,2023-04-07,101,84,27,45,14,3,0.393,1
ORL,22201207,2023-04-07,84,101,17,57,6,6,0.356,0
MIL,22201208,2023-04-07,114,137,30,38,5,3,0.457,0
MEM,22201208,2023-04-07,137,114,39,44,9,6,0.57,1
NOP,22201209,2023-04-07,113,105,27,43,4,7,0.532,1
NYK,22201209,2023-04-07,105,113,19,37,5,2,0.432,0
DAL,22201210,2023-04-07,112,115,23,43,7,3,0.452,0
CHI,22201210,2023-04-07,115,112,24,50,6,4,0.523,1
SAC,22201211,2023-04-07,97,119,24,40,10,3,0.388,0
GSW,22201211,2023-04-07,119,97,36,47,6,7,0.526,1
LAL,22201212,2023-04-07,121,107,25,54,6,6,0.489,1
PHX,22201212,2023-04-07,107,121,23,47,7,10,0.413,0
UTA,22201213,2023-04-08,118,114,30,59,9,2,0.44,1
DEN,22201213,2023-04-08,114,118,32,41,7,9,0.456,0
SAS,22201214,2023-04-08,131,151,34,45,5,4,0.526,0
MIN,22201214,2023-04-08,151,131,42,45,8,8,0.554,1
LAC,22201215,2023-04-08,136,125,30,51,7,5,0.527,1
POR,22201215,2023-04-08,125,136,32,34,8,4,0.528,0
BOS,22201216,2023-04-09,120,114,33,47,5,3,0.472,1
ATL,22201216,2023-04-09,114,120,27,50,11,5,0.454,0
BKN,22201217,2023-04-09,105,134,22,42,6,6,0.422,0
PHI,22201217,2023-04-09,134,105,31,50,10,5,0.525,1
CLE,22201218,2023-04-09,95,106,27,44,9,5,0.393,0
CHA,22201218,2023-04-09,106,95,23,49,8,5,0.457,1
MIA,22201219,2023-04-09,123,110,30,44,10,3,0.542,1
ORL,22201219,2023-04-09,110,123,29,43,13,1,0.422,0
NYK,22201220,2023-04-09,136,141,29,53,8,8,0.481,0
IND,22201220,2023-04-09,141,136,33,44,8,9,0.517,1
TOR,22201221,2023-04-09,121,105,29,45,8,2,0.505,1
MIL,22201221,2023-04-09,105,121,28,38,5,2,0.463,0
WAS,22201222,2023-04-09,109,114,28,51,11,5,0.423,0
HOU,22201222,2023-04-09,114,109,24,51,8,6,0.489,1
CHI,22201223,2023-04-09,103,81,21,48,15,7,0.421,1
DET,22201223,2023-04-09,81,103,20,59,1,3,0.365,0
DAL,22201224,2023-04-09,117,138,28,46,4,3,0.426,0
SAS,22201224,2023-04-09,138,117,31,69,2,3,0.49,1
MIN,22201225,2023-04-09,113,108,25,42,7,8,0.476,1
NOP,22201225,2023-04-09,108,113,18,49,13,3,0.444,0
OKC,22201226,2023-04-09,115,100,30,49,5,2,0.5,1
MEM,22201226,2023-04-09,100,115,25,43,8,4,0.435,0
DEN,22201227,2023-04-09,109,95,25,51,11,2,0.5,1
SAC,22201227,2023-04-09,95,109,24,34,7,6,0.435,0
LAL,22201228,2023-04-09,128,117,28,49,4,7,0.485,1
UTA,22201228,2023-04-09,117,128,31,45,4,4,0.505,0
PHX,22201229,2023-04-09,114,119,29,47,4,3,0.424,0
LAC,22201229,2023-04-09,119,114,22,53,3,5,0.49,1
POR,22201230,2023-04-09,101,157,25,30,5,3,0.4,0
GSW,22201230,2023-04-09,157,101,47,58,13,6,0.604,1
